服务器,角色名,,说明
紫水栈桥,西瓜,,截止到9月3日24点已经完成伟业的玩家
紫水栈桥,晓snow,,后面是每个条件有完成记录的详细，任务要求和本人完成情况都有写明
紫水栈桥,空白酱,,角色名字和服务器按照9月3日当天记录为准，如之后有改名转服请搜索之前的名字，改名转服不影响本活动统计
紫水栈桥,雅·佩特拉,,活动结束日期为4.0更新维护前（具体维护时间请关注届时的官网公告）。最终名单以及奖励将会在4.0版本更新之后进行统计和发放，当前数据仅作为参考。
紫水栈桥,络雨,,
紫水栈桥,七龙龍龘龖珠,,
紫水栈桥,O'pry,,
紫水栈桥,森格,,
紫水栈桥,馒头猫,,
紫水栈桥,梵德格罗尼斯,,
紫水栈桥,若雪雪,,
紫水栈桥,Pp君,,
紫水栈桥,北半球的吻,,
紫水栈桥,包包满载,,
紫水栈桥,珍珠星的距离,,
紫水栈桥,艾西法,,
紫水栈桥,苏娜吖,,
紫水栈桥,Triste,,
紫水栈桥,水帘洞ceo,,
紫水栈桥,馒头馅丶,,
紫水栈桥,越狱菟,,
紫水栈桥,瑟拉娜,,
紫水栈桥,壱級天災,,
紫水栈桥,萌神神,,
紫水栈桥,助手桑,,
紫水栈桥,永恆,,
紫水栈桥,喵x笛歌,,
紫水栈桥,両弌干也,,
紫水栈桥,糖小莫,,
紫水栈桥,原映雪,,
紫水栈桥,宿魂丶天,,
紫水栈桥,鏡飛彩,,
紫水栈桥,尛小小,,
紫水栈桥,俯瞰风景·,,
紫水栈桥,赤莲之翼,,
紫水栈桥,小酱油大米醋,,
紫水栈桥,浮殇年华,,
紫水栈桥,盫,,
紫水栈桥,随风飘落的叶,,
紫水栈桥,鸾,,
紫水栈桥,冰霜粉尘,,
紫水栈桥,小柳宿宿,,
紫水栈桥,離水魚,,
紫水栈桥,哈妮团子,,
紫水栈桥,今晚月色好美,,
紫水栈桥,芬里尔狼,,
紫水栈桥,泡芙,,
紫水栈桥,小黑丷,,
紫水栈桥,九命猫,,
紫水栈桥,吾有麒麟臂,,
紫水栈桥,未闻灬花名,,
紫水栈桥,鳞目友人,,
紫水栈桥,无羡,,
紫水栈桥,星星的咏叹调,,
紫水栈桥,李沅慧,,
紫水栈桥,姬海棠极,,
紫水栈桥,柳筱曦,,
紫水栈桥,迷糊小法师,,
紫水栈桥,圆神,,
紫水栈桥,肥皂君,,
紫水栈桥,红莲业火,,
紫水栈桥,蒂朵,,
紫水栈桥,萌陸陸,,
紫水栈桥,夏弥,,
紫水栈桥,薄绿,,
紫水栈桥,深见透子,,
紫水栈桥,虚幽末,,
紫水栈桥,玉灵,,
紫水栈桥,桃心熊熊,,
紫水栈桥,貝塔,,
紫水栈桥,Reload,,
紫水栈桥,贝露贝特,,
紫水栈桥,灭亡歌,,
紫水栈桥,在水,,
紫水栈桥,海因利希,,
紫水栈桥,喵喵了个咪,,
紫水栈桥,咪咪了个喵,,
紫水栈桥,顾不了,,
紫水栈桥,Shelke,,
紫水栈桥,哈兹卡西,,
紫水栈桥,Plus丶喵,,
紫水栈桥,介錯,,
紫水栈桥,萌受,,
紫水栈桥,Mao桑,,
紫水栈桥,杨羽,,
紫水栈桥,肖时钦,,
紫水栈桥,潇舜,,
紫水栈桥,火姬,,
紫水栈桥,山田葵,,
紫水栈桥,雷娘龙,,
紫水栈桥,Akino,,
紫水栈桥,葱头比比,,
紫水栈桥,Laixi,,
紫水栈桥,Rufus,,
紫水栈桥,Ipp,,
紫水栈桥,No,,
紫水栈桥,霰仙,,
紫水栈桥,米妮伶伶,,
紫水栈桥,泽·菲里德,,
紫水栈桥,凛雪鴉,,
紫水栈桥,Jaska,,
紫水栈桥,S'ean,,
紫水栈桥,高野政宗,,
紫水栈桥,辛萨辛,,
紫水栈桥,夕立,,
紫水栈桥,Wwaly,,
紫水栈桥,素色轻颜,,
紫水栈桥,Tabe,,
紫水栈桥,Ether丶,,
紫水栈桥,Annale,,
紫水栈桥,涂紫,,
紫水栈桥,天殇,,
紫水栈桥,Junson,,
紫水栈桥,里薇,,
紫水栈桥,简浅语,,
紫水栈桥,老豆豆,,
紫水栈桥,聖白蓮,,
紫水栈桥,爆炸头,,
紫水栈桥,波波鸟,,
紫水栈桥,暗黑星辰,,
紫水栈桥,Tisler,,
紫水栈桥,边线快马,,
紫水栈桥,猫柠饼丶,,
紫水栈桥,Lala丶,,
紫水栈桥,猫田柚柚香,,
紫水栈桥,猫四爷,,
紫水栈桥,猿比古二型,,
紫水栈桥,蒸发的龙龙,,
紫水栈桥,老咪咪,,
紫水栈桥,梦歌奈亚,,
紫水栈桥,最終兵器,,
紫水栈桥,克莉絲特,,
紫水栈桥,丶没头脑,,
紫水栈桥,蓝猫神,,
紫水栈桥,楠楠酱,,
紫水栈桥,贝亚尔,,
紫水栈桥,剋利乄俄澌,,
紫水栈桥,六合纵横,,
紫水栈桥,Mas绅士丶,,
紫水栈桥,篠崎幸子,,
紫水栈桥,悠扬之清风,,
紫水栈桥,尤娜雷斯卡,,
紫水栈桥,椎名真白酱,,
紫水栈桥,Giulio,,
紫水栈桥,Ranah,,
紫水栈桥,昴,,
紫水栈桥,天涯之明,,
紫水栈桥,古尔杜鲁,,
紫水栈桥,感冒叔叔,,
紫水栈桥,萌小懒,,
紫水栈桥,猫六六,,
紫水栈桥,十里红莲,,
紫水栈桥,剑帝莱维丶,,
紫水栈桥,Sanan,,
紫水栈桥,耐特梅尔,,
紫水栈桥,與謝野雀,,
紫水栈桥,盛夏大头领,,
紫水栈桥,梓云,,
紫水栈桥,喵先森,,
紫水栈桥,三泽纱千香,,
紫水栈桥,十二阑,,
紫水栈桥,酥酥酥,,
紫水栈桥,初瑜,,
紫水栈桥,暗月雪,,
紫水栈桥,周助ryom,,
紫水栈桥,陌染风尘,,
紫水栈桥,奥利文特,,
紫水栈桥,月转廊丶灼濯,,
紫水栈桥,钵仔糕,,
紫水栈桥,梓离,,
紫水栈桥,橘千鹤,,
紫水栈桥,双皮奶,,
紫水栈桥,坂上斗真,,
紫水栈桥,里恩·施瓦泽,,
紫水栈桥,菅原卓郎,,
紫水栈桥,离人梦,,
紫水栈桥,遥远的梦,,
紫水栈桥,血色曼陀罗,,
紫水栈桥,·花澤香菜·,,
紫水栈桥,麓流流,,
紫水栈桥,岸辺露伴,,
紫水栈桥,狐狸猫,,
紫水栈桥,喜歡曬月亮,,
紫水栈桥,Mikumi,,
紫水栈桥,Pompei,,
紫水栈桥,起酥,,
紫水栈桥,三颗猫饼干丶,,
紫水栈桥,采采薇儿,,
紫水栈桥,牛顿吃苹果,,
紫水栈桥,肉小山山丶,,
紫水栈桥,蝉夏,,
紫水栈桥,小米团子,,
紫水栈桥,喜多村·血蹄,,
紫水栈桥,肖晓,,
紫水栈桥,玉水明莎,,
紫水栈桥,八重花樱梨,,
紫水栈桥,困困的粽子,,
紫水栈桥,十七翼狗天使,,
紫水栈桥,Louis·,,
紫水栈桥,萧然若空,,
紫水栈桥,歌缘,,
紫水栈桥,谈幽,,
紫水栈桥,咪丶,,
紫水栈桥,豸苗,,
紫水栈桥,豸里,,
紫水栈桥,Saber将,,
紫水栈桥,白调,,
紫水栈桥,星灯,,
紫水栈桥,炼金咲夜,,
紫水栈桥,抹茶椰果冰,,
紫水栈桥,狐小卯,,
紫水栈桥,Sage,,
紫水栈桥,潇洒的刘书记,,
紫水栈桥,Caayuu,,
紫水栈桥,Acy,,
紫水栈桥,Oris丶零,,
紫水栈桥,曛,,
紫水栈桥,渡光,,
紫水栈桥,八云丿藍,,
紫水栈桥,九尾贝果狐,,
紫水栈桥,荒流天镜,,
紫水栈桥,百变怪,,
紫水栈桥,薄荷木天蓼,,
紫水栈桥,酒醉蝴蝶,,
紫水栈桥,一被子的朋友,,
紫水栈桥,糯米枣泥糕,,
紫水栈桥,Kongo,,
紫水栈桥,北野雄一,,
紫水栈桥,琪洛洛,,
紫水栈桥,洛克貝爾,,
紫水栈桥,撸管男,,
紫水栈桥,木头大加农,,
紫水栈桥,Dr冰滓,,
紫水栈桥,Dr森聆,,
紫水栈桥,雀斑的烦恼,,
紫水栈桥,要加糖吗,,
紫水栈桥,桃符,,
紫水栈桥,普拉喵,,
紫水栈桥,绝望和声,,
紫水栈桥,散花,,
紫水栈桥,啊咧poi,,
紫水栈桥,朝凪,,
紫水栈桥,洛洛伊,,
紫水栈桥,香菇鸡肉面,,
紫水栈桥,哀伤之刃,,
紫水栈桥,Koshii,,
紫水栈桥,灰烬化身,,
紫水栈桥,飘紫月下,,
紫水栈桥,武圣,,
紫水栈桥,栗子猫,,
紫水栈桥,Kazuho,,
紫水栈桥,小小小骑士,,
紫水栈桥,黑牙a,,
紫水栈桥,开阳度厄丨妖,,
紫水栈桥,丁丁豆,,
紫水栈桥,莳times,,
紫水栈桥,Cease,,
紫水栈桥,魔魔子,,
紫水栈桥,奶油条,,
紫水栈桥,林黛玉,,
紫水栈桥,Lavend,,
紫水栈桥,萌小虎,,
紫水栈桥,见浦琉珠,,
紫水栈桥,弓兵多挂逼,,
紫水栈桥,库啵库啵库啵,,
紫水栈桥,星蝶,,
紫水栈桥,佩里亚丝,,
紫水栈桥,As丷湮幻刺,,
紫水栈桥,雅丶修特菈,,
紫水栈桥,·库丘林·,,
紫水栈桥,焦糖牛奶沙司,,
紫水栈桥,纸卷,,
紫水栈桥,圣枪爆裂男孩,,
紫水栈桥,斯维诺特,,
紫水栈桥,呆纯,,
紫水栈桥,Sstern,,
紫水栈桥,枝猫,,
紫水栈桥,奥斯曼,,
紫水栈桥,凯兰诺德,,
紫水栈桥,仲闻,,
紫水栈桥,Mors,,
紫水栈桥,白银紬,,
紫水栈桥,北亭殊,,
紫水栈桥,暴怒皇,,
紫水栈桥,雪殇,,
紫水栈桥,夏諾雅,,
紫水栈桥,莉泽萝缇,,
紫水栈桥,未來永劫,,
紫水栈桥,南条一米五,,
紫水栈桥,Nagina,,
紫水栈桥,驅逐艦丶時雨,,
紫水栈桥,梶迫小道具店,,
紫水栈桥,希希蒲,,
紫水栈桥,举身赴清池,,
紫水栈桥,伊梅尔,,
紫水栈桥,迪特兰卡,,
紫水栈桥,Hulun,,
紫水栈桥,嵐翼,,
紫水栈桥,半月琉璃,,
紫水栈桥,Roki,,
紫水栈桥,Abzu,,
紫水栈桥,薬指,,
紫水栈桥,叫我胖大海,,
紫水栈桥,麋了鹿,,
紫水栈桥,阿梨梨,,
紫水栈桥,丧子酱,,
紫水栈桥,麦子·,,
紫水栈桥,千颜,,
紫水栈桥,浅风月,,
紫水栈桥,明月之笑,,
紫水栈桥,卡马呗比,,
紫水栈桥,愉悦君的天堂,,
紫水栈桥,八云喵,,
紫水栈桥,十二季稻,,
紫水栈桥,祖传大宝剑,,
紫水栈桥,女王风行者,,
紫水栈桥,Eugeos,,
紫水栈桥,小泽亚李,,
紫水栈桥,朱碧·多拉,,
紫水栈桥,青柠茶,,
紫水栈桥,岛白羊,,
紫水栈桥,天澜,,
紫水栈桥,妮美雅丶,,
紫水栈桥,百合华,,
紫水栈桥,尹翠丝汀,,
紫水栈桥,Elysia,,
紫水栈桥,依然小帅气,,
紫水栈桥,画饼的兔子,,
紫水栈桥,Scp,,
紫水栈桥,Von丶,,
紫水栈桥,朽木白哉灬,,
紫水栈桥,蒲卡,,
紫水栈桥,霜月千秋,,
紫水栈桥,Miniwa,,
紫水栈桥,噗噗就是噗噗,,
紫水栈桥,酒与萃香,,
紫水栈桥,战火z,,
紫水栈桥,Aresk,,
紫水栈桥,卿倾轻舞,,
紫水栈桥,旋律丶ls,,
紫水栈桥,小兄弟zip,,
紫水栈桥,你妹别诓我,,
紫水栈桥,Bang冰,,
紫水栈桥,Fuguc,,
紫水栈桥,云飞羽,,
紫水栈桥,黎黎黎黎落,,
紫水栈桥,烤夜雀,,
紫水栈桥,我本纯良,,
紫水栈桥,塔魯塔魯,,
紫水栈桥,索索菲诺,,
紫水栈桥,肆灬,,
紫水栈桥,瞬煌樱花,,
紫水栈桥,Aixn,,
紫水栈桥,Airko,,
紫水栈桥,拉风的男神,,
紫水栈桥,捷克弗列德,,
紫水栈桥,默羽,,
紫水栈桥,菠萝奶昔,,
紫水栈桥,脑膜炎晚期,,
紫水栈桥,塔其弥,,
紫水栈桥,笑逐,,
紫水栈桥,司马真皮沙发,,
紫水栈桥,You神,,
紫水栈桥,二阶堂天音,,
紫水栈桥,Gintex,,
紫水栈桥,Tricia,,
紫水栈桥,安塔·瑞斯,,
紫水栈桥,丶艾文,,
紫水栈桥,Nana醬丶,,
紫水栈桥,绮梦有小情绪,,
紫水栈桥,海邊的卡夫卡,,
紫水栈桥,若璃,,
紫水栈桥,奥班农,,
紫水栈桥,繆莉,,
紫水栈桥,刁九你,,
紫水栈桥,灬星熊灬,,
紫水栈桥,超爱大熊瞄,,
紫水栈桥,鸩羽千夜丶,,
紫水栈桥,紫丨寒湮,,
紫水栈桥,月讀調,,
紫水栈桥,猪头,,
紫水栈桥,纨禅稚雀,,
紫水栈桥,蜜豆璃,,
紫水栈桥,藤月,,
神意之地,病号,,
神意之地,舞风,,
神意之地,小象弓丶,,
神意之地,曲奇太郎,,
神意之地,喵了个呜,,
神意之地,簿焰,,
神意之地,気丶球,,
神意之地,小敦,,
神意之地,叶茵,,
神意之地,悲冀,,
神意之地,夜夜yyyy,,
神意之地,知世秋喵,,
神意之地,羊踹玉兔,,
神意之地,Liliai,,
神意之地,Zzboy,,
神意之地,玲沧沐风,,
神意之地,老夫好可爱,,
神意之地,双马尾欧豆豆,,
神意之地,御坂酱,,
神意之地,泰达达,,
神意之地,Arturi,,
神意之地,江夏堂,,
神意之地,V·维内托,,
神意之地,封龙,,
神意之地,语风,,
神意之地,无念断想,,
神意之地,早见沙织,,
神意之地,小鸟游丶六花,,
神意之地,星夜,,
神意之地,阿爾托莉蕥,,
神意之地,吴尘,,
神意之地,Qlu丶,,
神意之地,附二卢教授,,
神意之地,望月慎一郎,,
神意之地,Leons,,
神意之地,柴豆,,
神意之地,苍穹,,
神意之地,Five,,
神意之地,逆光丶,,
神意之地,亚连丶沃克,,
神意之地,奥丁,,
神意之地,仮虚言,,
神意之地,一半微笑,,
神意之地,漂漂的小萝莉,,
神意之地,裂空之辉,,
神意之地,海绵宝宝丶,,
神意之地,星霜軌跡,,
神意之地,夏至分么,,
神意之地,贝嘉瑞安,,
神意之地,涙,,
神意之地,血乷灬雪翎,,
神意之地,梓珑,,
神意之地,借问奶爸何处,,
神意之地,福音之時,,
神意之地,赤曈,,
神意之地,桂月,,
神意之地,星落,,
神意之地,拉花娜,,
神意之地,木小苗,,
神意之地,Vinnie,,
神意之地,雪豹,,
神意之地,直政,,
神意之地,M阿西娅,,
神意之地,撒拉斐尔,,
神意之地,咚灬季枫雪糕,,
神意之地,Prenp,,
神意之地,云吞面,,
神意之地,乌拉拉·乌拉,,
神意之地,创星神索菲娅,,
神意之地,铠武乃风,,
神意之地,幻晶,,
神意之地,裸奔汉,,
神意之地,Lexer,,
神意之地,郑星辰,,
神意之地,再见孙悟空,,
神意之地,人醒梦易碎,,
神意之地,柯阿拉,,
神意之地,柒染,,
神意之地,玄九九,,
神意之地,幸存者丶,,
神意之地,月殇,,
神意之地,Semi夕,,
神意之地,忄弗拉德三世,,
神意之地,索恩,,
神意之地,鱿鱼的眼神,,
神意之地,桑桑么,,
神意之地,迪欧兰斯,,
神意之地,景瑜,,
神意之地,伊夫里特,,
神意之地,微光丿gl丶,,
神意之地,Maki,,
神意之地,風逸,,
神意之地,慕容熙,,
神意之地,比企谷八番,,
神意之地,猫玖,,
神意之地,菱衹蘭度,,
神意之地,Ka雷洛te,,
神意之地,添音,,
神意之地,华鸟风月,,
神意之地,Samwu,,
神意之地,乌尔菲妮希丝,,
神意之地,濑尾结月,,
神意之地,卷成球,,
神意之地,幻羽灬菟紙,,
神意之地,我一米八,,
神意之地,空谷落羽,,
神意之地,沉寂的暗灵,,
神意之地,破碎丨魔术师,,
神意之地,祈陵,,
神意之地,染色凉橙,,
神意之地,鸦karas,,
神意之地,赤鹿,,
神意之地,风琊,,
神意之地,滴晚,,
神意之地,孽小丁,,
神意之地,Serene,,
神意之地,恒星诞生墙,,
神意之地,端午粽子,,
神意之地,暴走的奶牛,,
神意之地,箭头,,
神意之地,苍崖破风雷,,
神意之地,月冷寒泉,,
神意之地,迪迪兰塔,,
神意之地,最後的希望,,
神意之地,小早川秀秋,,
神意之地,元门灭轮,,
神意之地,洛黎,,
神意之地,随风飘翼,,
神意之地,劍随,,
神意之地,天河星辰,,
神意之地,淺井惠,,
神意之地,Mr骑士,,
神意之地,笑忘书签,,
神意之地,艾德文特,,
神意之地,春天的绿洲,,
神意之地,Moln,,
神意之地,换季有杂音,,
神意之地,Mihael,,
神意之地,小兰儿,,
神意之地,露克蕾西娅,,
神意之地,Mocha丶,,
神意之地,红爸爸乀,,
神意之地,Xuanan,,
神意之地,艾斯爱丽丝,,
神意之地,伊吹萃香,,
神意之地,星野海己,,
神意之地,萌丶祈月,,
神意之地,阿式,,
神意之地,Kenny丶,,
神意之地,圣晶石,,
神意之地,言書,,
神意之地,Grace酱,,
神意之地,穗乃果,,
神意之地,耶路撒冷ll,,
神意之地,布丁鼠,,
神意之地,风星,,
神意之地,莲清人,,
神意之地,菌菌君,,
神意之地,星見澪,,
神意之地,Chinka,,
神意之地,Rinka',,
神意之地,Necorn,,
神意之地,Cebrus,,
神意之地,岛村卯月,,
神意之地,孤家寡哥,,
神意之地,神乐耶,,
神意之地,绅士丨风之谦,,
神意之地,云浅霜,,
神意之地,時間近,,
神意之地,鏡,,
神意之地,堀京子,,
神意之地,Kurisu,,
神意之地,鬼月丶姬,,
神意之地,丶拿小果果,,
神意之地,爱凑热闹的人,,
神意之地,雅絵,,
神意之地,瑜光,,
神意之地,Yk丶傲娇,,
神意之地,企鹅酷酷,,
神意之地,优吉欧,,
神意之地,Ovo,,
神意之地,如若时光回转,,
神意之地,麟鵺,,
神意之地,Toya丶,,
神意之地,月流烟渚,,
神意之地,大空·纳兹,,
神意之地,金手党流年,,
神意之地,幻曜之蝶,,
神意之地,Yakult,,
神意之地,Nickoo,,
神意之地,失足少年呀,,
神意之地,杯水,,
神意之地,雪森樱,,
神意之地,Corvus,,
神意之地,Pauhsy,,
神意之地,Lucas·,,
神意之地,Xhfake,,
神意之地,塞拉之意,,
神意之地,诺诺婕,,
神意之地,我萌你别推我,,
神意之地,萨缪尔,,
神意之地,Maruu,,
神意之地,沈笑白,,
神意之地,Katou丶,,
神意之地,寻屿,,
神意之地,Enuma,,
神意之地,黑伤·,,
神意之地,拾葵,,
神意之地,觉恋心,,
神意之地,浅滩的冬茶,,
神意之地,逸·聂,,
神意之地,Cyx,,
神意之地,风见幽华,,
神意之地,明儿在议,,
神意之地,柯蒂麗亞,,
神意之地,Pipa丘酱,,
神意之地,筱风,,
神意之地,英·雄,,
神意之地,素女,,
神意之地,北白川团子,,
神意之地,料峭酒醒,,
神意之地,樱小路朝日,,
神意之地,Draque,,
摩杜纳,抖m的月亮,,
摩杜纳,一方通行,,
摩杜纳,佐倉雙葉,,
摩杜纳,冷夜,,
摩杜纳,耶梦·约书亚,,
摩杜纳,Gustav,,
摩杜纳,小杰杰,,
摩杜纳,Chelly,,
摩杜纳,熊熊是球,,
摩杜纳,勿忘丶小时楽,,
摩杜纳,海文穹,,
摩杜纳,清蒸大清,,
摩杜纳,凱因·海溫德,,
摩杜纳,神成亜璃子,,
摩杜纳,黑色狐狸,,
摩杜纳,虥猫,,
摩杜纳,Cai丿混谈,,
摩杜纳,追逝,,
摩杜纳,星魂灬微,,
摩杜纳,欲望,,
摩杜纳,杰德斯,,
摩杜纳,Xfd丶爪子,,
摩杜纳,博丽馒头,,
摩杜纳,毛毛呼,,
摩杜纳,叫我m酱,,
摩杜纳,石堯山,,
摩杜纳,红莲业火,,
摩杜纳,喵爸,,
摩杜纳,江空不渡,,
摩杜纳,夜丶微澜,,
摩杜纳,菲莉娅,,
摩杜纳,Z丶milk,,
摩杜纳,胖饼饼,,
摩杜纳,橘酿小圆子,,
摩杜纳,神田真白,,
摩杜纳,小野妹子,,
摩杜纳,诺伊兹,,
摩杜纳,Schoko,,
摩杜纳,夏初之初,,
摩杜纳,鱼塘总裁丶,,
摩杜纳,飛影,,
摩杜纳,眼镜星人,,
摩杜纳,君且莫笑,,
摩杜纳,Nelo丶,,
摩杜纳,贝露赛布布,,
摩杜纳,夏初微露,,
摩杜纳,饭团酱,,
摩杜纳,神姬·奈奈丿,,
摩杜纳,此物最相思,,
摩杜纳,苍岚de風,,
摩杜纳,密尔德斯瑞斯,,
摩杜纳,寂寞指流年,,
摩杜纳,亚妃娜,,
摩杜纳,雲神,,
摩杜纳,拉斯贝尔,,
摩杜纳,术神丶再临,,
摩杜纳,八百万牛奶糖,,
摩杜纳,乐园的巫女,,
摩杜纳,何度青空,,
摩杜纳,夏亜,,
摩杜纳,Faine丶,,
摩杜纳,Djnmh,,
摩杜纳,蕾米酱,,
摩杜纳,柒貝儿,,
摩杜纳,Tirams,,
摩杜纳,古玉残魂,,
摩杜纳,阿格莉娅斯,,
摩杜纳,落暮,,
摩杜纳,谱曲逝红颜,,
摩杜纳,萌天天丶,,
摩杜纳,一叶之蓝,,
摩杜纳,不知所措,,
摩杜纳,神殺塞利卡,,
摩杜纳,木白寺,,
摩杜纳,Sara,,
摩杜纳,风翔万里,,
摩杜纳,水洵,,
摩杜纳,神秘丶小霸,,
摩杜纳,夕何年,,
摩杜纳,Hadboy,,
摩杜纳,孤独化石,,
摩杜纳,萌萝莉桃子,,
摩杜纳,殁境风暴,,
摩杜纳,你能抓到我吗,,
摩杜纳,霍克,,
摩杜纳,罗洁爱尔,,
摩杜纳,夏亞,,
摩杜纳,Pawn丶,,
摩杜纳,宫地龙之介,,
摩杜纳,坑坑,,
摩杜纳,奥格斯丁,,
摩杜纳,哀悼,,
摩杜纳,超,,
摩杜纳,春埼美空,,
摩杜纳,丶晴天,,
摩杜纳,格蕾l娅娅,,
摩杜纳,悸动指尖灵动,,
摩杜纳,阿斯顿蔷薇,,
摩杜纳,雪恋玉缘,,
摩杜纳,鲁鲁提亚,,
摩杜纳,左航,,
摩杜纳,格温多琳,,
摩杜纳,初代斩铁剑,,
摩杜纳,純黑琉璃喵,,
摩杜纳,兔礼丝,,
摩杜纳,童物刺,,
摩杜纳,波伊塔塔,,
摩杜纳,星嘉白雪,,
摩杜纳,伊小崔,,
摩杜纳,卡爾,,
摩杜纳,库莉帕,,
摩杜纳,沙里贝尔,,
摩杜纳,Sale,,
摩杜纳,窗外的咸鱼,,
摩杜纳,御船流子,,
摩杜纳,妖胤,,
摩杜纳,浅黛微微,,
摩杜纳,薰风的神裔,,
摩杜纳,乄灰小萌丶,,
摩杜纳,菈菲尔,,
摩杜纳,八大王,,
摩杜纳,浮砂,,
摩杜纳,Leevin,,
摩杜纳,真鸭子馒头,,
摩杜纳,欧闲闲,,
摩杜纳,激澄,,
摩杜纳,七里,,
摩杜纳,私,,
摩杜纳,诺亚诺,,
摩杜纳,可可奈儿,,
摩杜纳,永恒的瞬间,,
摩杜纳,灬狼魂,,
摩杜纳,樂不思蜀,,
摩杜纳,炭烧奶茶丶,,
摩杜纳,小黑桑,,
摩杜纳,Sole丶寒,,
摩杜纳,灰尘,,
摩杜纳,桃喰绮罗莉,,
摩杜纳,狡啮慎也,,
摩杜纳,简拿华路,,
摩杜纳,鱿魚,,
摩杜纳,克鲁莫莫,,
摩杜纳,麦麦麦吉克,,
摩杜纳,王璐璐,,
摩杜纳,残花雕梦,,
摩杜纳,Colin丶,,
摩杜纳,荒川野菊,,
摩杜纳,执笔绘流年,,
摩杜纳,風,,
摩杜纳,菌菇酱,,
摩杜纳,南蛋蛋,,
摩杜纳,Leech,,
摩杜纳,弥赛亞,,
摩杜纳,手残又网卡,,
摩杜纳,泽斐洛斯,,
摩杜纳,帅帅小龙骑丶,,
摩杜纳,楪祈食蜂,,
摩杜纳,夜久,,
摩杜纳,Isaac丶,,
摩杜纳,Livia,,
摩杜纳,宵黯花火,,
摩杜纳,丅丶丅,,
摩杜纳,雨兮还很单纯,,
摩杜纳,Flandr,,
摩杜纳,高坂穗乃果舔,,
摩杜纳,Senri,,
摩杜纳,子安武人,,
摩杜纳,秋葉,,
摩杜纳,南酱在哪里,,
摩杜纳,蓮丶阿修貝爾,,
摩杜纳,冷光,,
摩杜纳,澳门首家赌场,,
摩杜纳,Kyouma,,
摩杜纳,主,,
摩杜纳,小刺猬,,
摩杜纳,臻惜,,
摩杜纳,上杉達也,,
摩杜纳,诗酒醉年华,,
摩杜纳,白洛君,,
摩杜纳,阿布德尔,,
摩杜纳,杉原音,,
摩杜纳,瓦尼塔斯,,
摩杜纳,团子酱丷,,
摩杜纳,潘潘潘,,
摩杜纳,腿石型歌姬,,
摩杜纳,Fat,,
摩杜纳,绯凉凉,,
摩杜纳,倾析,,
摩杜纳,索可萨尔,,
摩杜纳,罗恩格林,,
摩杜纳,月悠卡之,,
摩杜纳,爱慕妮亚,,
摩杜纳,甜心小权权,,
摩杜纳,蕾妮雅,,
摩杜纳,瑟卢多,,
摩杜纳,依克希爾,,
摩杜纳,学徒型歌姬,,
摩杜纳,吃土少女阿欢,,
摩杜纳,Korai,,
摩杜纳,竹内美园,,
摩杜纳,Rbbbbb,,
摩杜纳,巧克力·,,
摩杜纳,原纯,,
摩杜纳,红色恶魔,,
摩杜纳,三木生贄,,
摩杜纳,透明的抹茶君,,
摩杜纳,库利亚西昂,,
摩杜纳,风芷,,
摩杜纳,Kiss卿,,
摩杜纳,祈月见黑,,
摩杜纳,Fay丶,,
摩杜纳,小糖豆,,
摩杜纳,八代让叶,,
摩杜纳,苏西,,
摩杜纳,佐藤达广,,
摩杜纳,成濑澪,,
摩杜纳,乌里尔克,,
萌芽池,打奶要折寿的,,
萌芽池,乐乐的天空,,
萌芽池,来栖暁,,
萌芽池,樱庭玉藻丶,,
萌芽池,惹人倦,,
萌芽池,萲苏,,
萌芽池,万物的终焉,,
萌芽池,雪壳,,
萌芽池,小遼歌,,
萌芽池,白银之鸦,,
萌芽池,尐丶幸運,,
萌芽池,魂牵梦萦,,
萌芽池,来治猩猩的你,,
萌芽池,露娜,,
萌芽池,Docomo,,
萌芽池,尤菲,,
萌芽池,解谜师,,
萌芽池,篠田,,
萌芽池,洛克昂,,
萌芽池,神弑丶无极,,
萌芽池,羽入,,
萌芽池,镜·,,
萌芽池,灬白喵灬,,
萌芽池,芙蕾雅丶薇恩,,
萌芽池,羽化林芝,,
萌芽池,圣域守护者,,
萌芽池,殇璃月,,
萌芽池,潘多拉贡,,
萌芽池,凋零幻灭,,
萌芽池,小鸟岛游六花,,
萌芽池,Rin,,
萌芽池,鵟,,
萌芽池,朵朵奇葩蹦恰,,
萌芽池,洛连,,
萌芽池,阡陌wolf,,
萌芽池,卢缪,,
萌芽池,风铃,,
萌芽池,一槍穿云,,
萌芽池,Asayo,,
萌芽池,风语丶黑影骑,,
萌芽池,结城丶五月,,
萌芽池,貝拉羅納,,
萌芽池,时岚,,
萌芽池,千古花尽落丶,,
萌芽池,霧kiri,,
萌芽池,洛林,,
萌芽池,太空战士,,
萌芽池,凪稀冥,,
萌芽池,恋着她爱着她,,
萌芽池,枇杷,,
萌芽池,诺菲卡,,
萌芽池,Pushuo,,
萌芽池,祸霊梦,,
萌芽池,霜月遥,,
萌芽池,天天夜夜,,
萌芽池,Toooy,,
萌芽池,梅塞亚,,
萌芽池,芒果奶昔,,
萌芽池,丿cc默笙,,
萌芽池,苍白之炎,,
萌芽池,加岛勇,,
萌芽池,結月緣,,
萌芽池,瓦尔奥海姆,,
萌芽池,Toby,,
萌芽池,Revan,,
萌芽池,光辉,,
萌芽池,美味的拉拉肥,,
萌芽池,Shire,,
萌芽池,尼尔狄兰迪,,
萌芽池,迪奥·布兰度,,
萌芽池,菲爾,,
萌芽池,水虫不可怕,,
萌芽池,Ld所罗门,,
萌芽池,别急,,
萌芽池,遥来遥去,,
萌芽池,Prhett,,
萌芽池,哥哥不坑,,
萌芽池,一葉之秋,,
萌芽池,月村真由,,
萌芽池,十里屠苏,,
萌芽池,纳纳熊,,
萌芽池,暖风,,
萌芽池,第一次想到你,,
萌芽池,伊加贝拉,,
萌芽池,暮丶可可,,
萌芽池,疾风丶因夫曼,,
萌芽池,A夜色琉璃,,
萌芽池,睡不醒的死猫,,
萌芽池,Ze,,
萌芽池,暮琅琊,,
萌芽池,佑遇丶,,
萌芽池,灼眼的讨伐者,,
萌芽池,天妖丿舞,,
萌芽池,七叶,,
萌芽池,拉拉菲尔大王,,
萌芽池,五月七日小羽,,
萌芽池,Mirror,,
萌芽池,若笑然,,
萌芽池,Piggy,,
萌芽池,小菟乄不乖,,
萌芽池,夜空的精靈,,
萌芽池,萍茶,,
萌芽池,樹影婆娑,,
萌芽池,歌去诗来,,
萌芽池,貝优妮塔,,
萌芽池,鹧鸪,,
萌芽池,阿哲尔,,
萌芽池,·彗星·,,
萌芽池,夜奔,,
萌芽池,南宫燚,,
萌芽池,蹦哒,,
萌芽池,若葉,,
萌芽池,病娇型萌萌娜,,
萌芽池,银铃白狐,,
萌芽池,午餐肉罐头,,
萌芽池,阿亚糖,,
萌芽池,呼风唤雨,,
萌芽池,Chenz,,
萌芽池,牛角包包包,,
萌芽池,御坂美琴大人,,
萌芽池,达尔达尼昂,,
萌芽池,烈焰朱明,,
萌芽池,铭泽,,
萌芽池,鈴蘭的輕風,,
萌芽池,Zerger,,
萌芽池,纳尔森,,
萌芽池,Ayano丶,,
萌芽池,羽化仙飞,,
萌芽池,Halone,,
萌芽池,凌紫嫣,,
萌芽池,奥特洛斯,,
萌芽池,比萝蒂丝,,
萌芽池,莫邪丶天星,,
萌芽池,奈琉,,
萌芽池,米鲁威达,,
萌芽池,丨丶飘柔灬,,
萌芽池,火舞傲天,,
萌芽池,百诡烨行,,
萌芽池,諷灬殇,,
萌芽池,Top丿小样,,
萌芽池,泰利莎,,
萌芽池,浅弦,,
萌芽池,十三姬,,
萌芽池,健康发财,,
萌芽池,苏苏雪,,
萌芽池,神再现人间,,
萌芽池,諾克缇斯,,
萌芽池,国风小雅,,
萌芽池,紫藤月詠,,
萌芽池,Kiruto,,
萌芽池,Gian,,
萌芽池,裸喰娃娃,,
萌芽池,打奶要夭寿的,,
萌芽池,瞳露,,
萌芽池,兵库北姐姐,,
萌芽池,骑猪兜风的猫,,
萌芽池,紫鸩倾心,,
萌芽池,久夏七年,,
萌芽池,丷静静丷,,
萌芽池,Miku丶,,
萌芽池,小森唯,,
萌芽池,黑白院清罗,,
萌芽池,淡述惜日,,
萌芽池,杰内西斯丶,,
萌芽池,斩·艾斯德斯,,
萌芽池,霜烨,,
萌芽池,蓝毛大人,,
萌芽池,天狐咲夜,,
萌芽池,爱蕾诺,,
萌芽池,浅葱,,
萌芽池,墨雨成秋,,
萌芽池,魂兮未染,,
萌芽池,乔克拉克,,
萌芽池,空月云,,
萌芽池,虎之助,,
萌芽池,布雷诺,,
萌芽池,小桥流水人家,,
萌芽池,中二的小学生,,
萌芽池,那醒,,
萌芽池,默克莱恩,,
萌芽池,Aeneas,,
萌芽池,志村圈八,,
萌芽池,Kate,,
萌芽池,生面条,,
萌芽池,Akumak,,
萌芽池,橘右京丶,,
萌芽池,禁锢的命运,,
萌芽池,迪卡普莉,,
萌芽池,W小子,,
萌芽池,顾寒,,
萌芽池,月下黑鸫,,
萌芽池,花重锦官城,,
萌芽池,Quo,,
萌芽池,雪莉·布兰蒂,,
萌芽池,白猫l,,
萌芽池,白子,,
萌芽池,赤辭,,
萌芽池,亞爾特留斯,,
萌芽池,决,,
萌芽池,朽墓,,
萌芽池,索萨克尔,,
萌芽池,夏星,,
萌芽池,抹杀,,
萌芽池,南雪,,
萌芽池,方方土,,
萌芽池,帕帕萨拉,,
萌芽池,晓丶猥琐,,
萌芽池,Aku,,
萌芽池,一半星辰丶,,
萌芽池,紫燕东飞,,
萌芽池,思归,,
萌芽池,米兜里酱,,
萌芽池,苹果软糖,,
萌芽池,小禊,,
萌芽池,御影爱,,
萌芽池,艾歌,,
萌芽池,棺材里蹦迪,,
萌芽池,凑斗景明,,
萌芽池,阿迪迪迪迪迪,,
萌芽池,红狼丶,,
萌芽池,艾尔菲利亚,,
萌芽池,夏璐,,
萌芽池,秋风散影,,
萌芽池,O泪梦红尘o,,
萌芽池,划水学者,,
萌芽池,墨扉倾雪,,
萌芽池,Raye,,
萌芽池,Zz爕羽流霜,,
萌芽池,Rrm,,
萌芽池,举个·栗子,,
萌芽池,Anty,,
萌芽池,沧水寒,,
萌芽池,师太法号可耐,,
萌芽池,忆寒,,
萌芽池,烨樱,,
萌芽池,斯汀,,
萌芽池,月华流照,,
萌芽池,胡瑟·艾利克,,
萌芽池,潛水母艦大鯨,,
萌芽池,西园寺白,,
萌芽池,自作多情,,
萌芽池,银鸦,,
萌芽池,石锅拌饭,,
萌芽池,攮者,,
萌芽池,三森灬铃子,,
萌芽池,十祀,,
萌芽池,方糖,,
萌芽池,莲·赤月,,
萌芽池,曙光v曙离,,
萌芽池,物质幽灵,,
萌芽池,黑耀玫瑰,,
萌芽池,请诸位静听,,
萌芽池,制杖少女喵喵,,
萌芽池,渡狸時雨丶,,
萌芽池,Mavis·,,
萌芽池,步天歌,,
萌芽池,布拉德莉,,
萌芽池,丶风之旅人,,
萌芽池,寂寞如尘,,
萌芽池,叶落无声,,
萌芽池,哈曼卡恩,,
萌芽池,思念念念念丶,,
萌芽池,······,,
萌芽池,艾米娜,,
萌芽池,天允z,,
萌芽池,Repair,,
萌芽池,神代夏织,,
拉诺西亚,西露米,,
拉诺西亚,莱昂哈特,,
拉诺西亚,麻辣烫,,
拉诺西亚,半月尘,,
拉诺西亚,沝靈,,
拉诺西亚,莉诺雅,,
拉诺西亚,天冥血殇,,
拉诺西亚,小黄濑,,
拉诺西亚,喵神八百萬,,
拉诺西亚,索维迪特,,
拉诺西亚,水无神环绪,,
拉诺西亚,洛尔诺,,
拉诺西亚,游走的蚊子,,
拉诺西亚,花月炎,,
拉诺西亚,Buncle,,
拉诺西亚,·夏亚,,
拉诺西亚,科·诺尔,,
拉诺西亚,花青儿,,
拉诺西亚,林小汐,,
拉诺西亚,习惯,,
拉诺西亚,樱织祈,,
拉诺西亚,卡布奇诺瞳,,
拉诺西亚,汪星喵兵卫,,
拉诺西亚,天野银次,,
拉诺西亚,林小丶鸡,,
拉诺西亚,辉夜喵,,
拉诺西亚,肖申克,,
拉诺西亚,千石撫子,,
拉诺西亚,丨喵帕斯丨,,
拉诺西亚,黑头奶,,
拉诺西亚,莫古蘑菇,,
拉诺西亚,艾丝蒂尔fy,,
拉诺西亚,小夜的幻想曲,,
拉诺西亚,鬼迷神疑,,
拉诺西亚,Kain,,
拉诺西亚,美堂蛮,,
拉诺西亚,依莉雅斯菲尔,,
拉诺西亚,秋漠,,
拉诺西亚,么么子,,
拉诺西亚,战姿奶,,
拉诺西亚,冲田总司,,
拉诺西亚,Macu,,
拉诺西亚,叶修,,
拉诺西亚,默年,,
拉诺西亚,Rain·,,
拉诺西亚,黑之誓约,,
拉诺西亚,牛奶奥利奥,,
拉诺西亚,露月玲珑,,
拉诺西亚,伊媚儿,,
拉诺西亚,饕餮的鱼皮饺,,
拉诺西亚,丶千辰,,
拉诺西亚,里表情,,
拉诺西亚,中津静流,,
拉诺西亚,点圈点圈,,
拉诺西亚,哈姆蕾特,,
拉诺西亚,Humi,,
拉诺西亚,Susan,,
拉诺西亚,蒙莫兰希,,
拉诺西亚,烤生海星,,
拉诺西亚,饶速日,,
拉诺西亚,神谷奈绪,,
拉诺西亚,华丽夜猫,,
拉诺西亚,聽海,,
拉诺西亚,可食用家养喵,,
拉诺西亚,黑蔷薇爱丽丝,,
拉诺西亚,游云凰影,,
拉诺西亚,稲垣雪那,,
拉诺西亚,小小化离,,
拉诺西亚,船,,
拉诺西亚,虎牙硬硬的丶,,
拉诺西亚,侬到底来赛伐,,
拉诺西亚,阿尔法妮亚,,
拉诺西亚,守護者,,
拉诺西亚,翼憶,,
拉诺西亚,桜花初音,,
拉诺西亚,April丶,,
拉诺西亚,一点喜欢,,
拉诺西亚,落雪,,
拉诺西亚,埼玉,,
拉诺西亚,饭团包子寿司,,
拉诺西亚,丶赫萝,,
拉诺西亚,月影百合,,
拉诺西亚,湖上骑士,,
拉诺西亚,兔忍喵,,
拉诺西亚,咲彩,,
拉诺西亚,馅,,
拉诺西亚,雪苑,,
拉诺西亚,誘莓丶,,
拉诺西亚,猫娘娘,,
拉诺西亚,南音,,
拉诺西亚,流云翾雪,,
拉诺西亚,终焉的黄昏,,
拉诺西亚,我要去强吻她,,
拉诺西亚,Diana,,
拉诺西亚,天钿女命,,
拉诺西亚,森宫苍乃,,
拉诺西亚,石涧,,
拉诺西亚,該隱,,
拉诺西亚,奥利维亚米拉,,
拉诺西亚,撒尔瓦多,,
拉诺西亚,海默迪拉雅丝,,
拉诺西亚,Kaizen,,
拉诺西亚,续写潶夜,,
拉诺西亚,守夜骑士,,
拉诺西亚,Isabel,,
拉诺西亚,嘉美尤,,
拉诺西亚,只吃饭不洗碗,,
拉诺西亚,六銖衣,,
拉诺西亚,星月小紫,,
拉诺西亚,Sarnga,,
拉诺西亚,洛冥颢,,
拉诺西亚,日向棗棗,,
拉诺西亚,埃斯·洛耶斯,,
拉诺西亚,琪拉莉斯,,
拉诺西亚,乾坤映月,,
拉诺西亚,那丶殇,,
拉诺西亚,喵卡林,,
拉诺西亚,Lexa,,
拉诺西亚,梨花,,
拉诺西亚,丶丿残灬影,,
拉诺西亚,小讓,,
拉诺西亚,Bebaby,,
拉诺西亚,往昔之云仙,,
拉诺西亚,Alexer,,
拉诺西亚,花氿卿,,
拉诺西亚,瓦尔哈拉,,
拉诺西亚,约定与谎言,,
拉诺西亚,莫渊,,
拉诺西亚,Zwei翼,,
拉诺西亚,丷阿罪,,
拉诺西亚,乔布燊,,
拉诺西亚,柴崎万葉,,
拉诺西亚,青鷺火,,
拉诺西亚,轩辕月,,
拉诺西亚,南條poi,,
拉诺西亚,薬歌玲,,
拉诺西亚,柒丶,,
拉诺西亚,木幡真琴,,
拉诺西亚,天际丶,,
拉诺西亚,鳥獣戯画,,
拉诺西亚,乌啼,,
拉诺西亚,曦烛,,
拉诺西亚,曲终弦断,,
拉诺西亚,科诺德,,
拉诺西亚,什锦虾球,,
拉诺西亚,撒旦的榴莲,,
拉诺西亚,九条樱子丶,,
拉诺西亚,光咚咚的猫,,
拉诺西亚,Query,,
拉诺西亚,南條爱乃丶,,
拉诺西亚,木木mo,,
拉诺西亚,Echoa,,
拉诺西亚,Fxat,,
拉诺西亚,芥川小代理,,
拉诺西亚,Butsu,,
拉诺西亚,奇洛洛,,
拉诺西亚,好好先,,
拉诺西亚,南條愛乃厨,,
拉诺西亚,龙豪,,
拉诺西亚,Cetus,,
拉诺西亚,明诚君,,
拉诺西亚,不破真广丶,,
拉诺西亚,迪迦,,
拉诺西亚,奈怜,,
拉诺西亚,斯尼克瑟蒂,,
拉诺西亚,阿萨谢尓,,
拉诺西亚,点击查看详情,,
拉诺西亚,永冢纱季,,
拉诺西亚,炎翼灼日,,
拉诺西亚,英俊,,
拉诺西亚,爱苏,,
拉诺西亚,为所欲为,,
拉诺西亚,大藏衣远,,
拉诺西亚,Es,,
拉诺西亚,雨蓝,,
拉诺西亚,溢出大哥哥,,
拉诺西亚,Stecy,,
拉诺西亚,喵小胖,,
拉诺西亚,Sign,,
拉诺西亚,丨小凡丨,,
拉诺西亚,近战之心,,
拉诺西亚,阿库嘛塔塔,,
拉诺西亚,上吧·琪露诺,,
拉诺西亚,可樂不加冰,,
拉诺西亚,阿特拉克,,
拉诺西亚,洛羽弦,,
拉诺西亚,Feilin,,
拉诺西亚,弦卷kkr,,
拉诺西亚,一个小香菇,,
拉诺西亚,演绎人生,,
拉诺西亚,Gedser,,
拉诺西亚,五马路,,
拉诺西亚,站姿奶,,
拉诺西亚,够修吉萨嘛丶,,
拉诺西亚,Jeason,,
拉诺西亚,唳空,,
拉诺西亚,奧尔什方灰石,,
拉诺西亚,萌圆圆w,,
拉诺西亚,小小桶,,
拉诺西亚,逸丶沫沫,,
拉诺西亚,Thynn,,
拉诺西亚,要冷静,,
拉诺西亚,天然猪肉丸,,
拉诺西亚,鹿呦呦,,
拉诺西亚,久住鸦弥,,
拉诺西亚,折南枝,,
拉诺西亚,秋桜,,
拉诺西亚,奧尔什方少爷,,
拉诺西亚,青木志貴,,
拉诺西亚,一只小污猫,,
拉诺西亚,凉城以南,,
拉诺西亚,汪汪汪酱丶,,
拉诺西亚,业落,,
拉诺西亚,大笼包君,,
拉诺西亚,Qwo,,
拉诺西亚,弃疗型熊猫,,
拉诺西亚,Tmp,,
拉诺西亚,焦糖可可,,
拉诺西亚,水瀬伊织,,
拉诺西亚,大葱才是本体,,
拉诺西亚,黄昏下的星灯,,
拉诺西亚,墨挽青竹,,
拉诺西亚,Yukias,,
拉诺西亚,Tsuksa,,
拉诺西亚,时移世易,,
拉诺西亚,Qulana,,
拉诺西亚,彌生,,
拉诺西亚,巨型芒果冰,,
拉诺西亚,螺旋蛋,,
拉诺西亚,華陽酱,,
拉诺西亚,格瑞,,
拉诺西亚,宵闇花火,,
拉诺西亚,Zsmile,,
拉诺西亚,清水兔,,
拉诺西亚,凝兮,,
拉诺西亚,苏沐秋,,
拉诺西亚,香香香香香橙,,
拉诺西亚,Ri尤,,
拉诺西亚,带把的妹子,,
拉诺西亚,真礼,,
拉诺西亚,飞溟,,
拉诺西亚,北海森屿,,
拉诺西亚,丶清水,,
拉诺西亚,炒鸡战士,,
拉诺西亚,鱼板,,
拉诺西亚,木子花咲,,
拉诺西亚,O黑兔o,,
拉诺西亚,歌岛,,
拉诺西亚,一小罐可乐,,
拉诺西亚,梨梨梨花喵,,
拉诺西亚,幻想乡鱼塘主,,
拉诺西亚,本分奶,,
拉诺西亚,校草小白君,,
拉诺西亚,美裕,,
拉诺西亚,战术核企鹅,,
拉诺西亚,Sa戈,,
拉诺西亚,Fuyko冬,,
拉诺西亚,Lucyyy,,
拉诺西亚,妍仪流年,,
拉诺西亚,櫻靈,,
拉诺西亚,不協和音,,
拉诺西亚,一米二,,
拉诺西亚,坐姿奶,,
拉诺西亚,Xian图,,
拉诺西亚,光影丶月华,,
拉诺西亚,净饭王,,
拉诺西亚,龙娘七七七,,
拉诺西亚,咕哒千,,
拉诺西亚,Tristn,,
拉诺西亚,乔巴医师,,
静语庄园,緋村剑心,,
静语庄园,惡誅,,
静语庄园,豆酥糖,,
静语庄园,Janna,,
静语庄园,海色千曜,,
静语庄园,科长,,
静语庄园,她与她的世界,,
静语庄园,木子棉,,
静语庄园,岳王神丶,,
静语庄园,帕库·帕比,,
静语庄园,离寒,,
静语庄园,Noah诺亚,,
静语庄园,月下蕾拉,,
静语庄园,拿小拳拳锤你,,
静语庄园,墨凛,,
静语庄园,Salmon,,
静语庄园,Empty丶,,
静语庄园,向雅晴,,
静语庄园,阿强一号,,
静语庄园,Jzc,,
静语庄园,无聊的狗尾草,,
静语庄园,藍川絆,,
静语庄园,深坑,,
静语庄园,萌將丶戰,,
静语庄园,暗溟丶,,
静语庄园,雲影,,
静语庄园,祭砚,,
静语庄园,五行缺五行,,
静语庄园,香甜玉米汁,,
静语庄园,忧郁的妮子,,
静语庄园,小喵不哭,,
静语庄园,云飞零,,
静语庄园,史克威爾,,
静语庄园,新凉,,
静语庄园,瞐瞐,,
静语庄园,金刚乄裤衩,,
静语庄园,下铺老王,,
静语庄园,威光之翼,,
静语庄园,卍术卍,,
静语庄园,忘川桥,,
静语庄园,渃寒,,
静语庄园,龙o啸,,
静语庄园,我叫小锤子,,
静语庄园,彼岸曼沙,,
静语庄园,么么梦,,
静语庄园,啊姆,,
静语庄园,柯小友,,
静语庄园,喵·铁匠,,
静语庄园,晚夜残雪,,
静语庄园,Deuce丶,,
静语庄园,晨舞,,
静语庄园,Serra,,
静语庄园,乌鸦坐飞机,,
静语庄园,Yuliu,,
静语庄园,Aya布雷亚,,
静语庄园,反补世界树i,,
静语庄园,陌汐,,
静语庄园,秋风清,,
静语庄园,小尤娜酱,,
静语庄园,梨落落,,
静语庄园,扎塔恩,,
静语庄园,安娜托利塔亚,,
静语庄园,米黛,,
幻影群岛,Tifa,,
幻影群岛,蕾米莉亚,,
幻影群岛,架空姬,,
幻影群岛,黄桃,,
幻影群岛,Marym丶,,
幻影群岛,冬馬和纱,,
幻影群岛,团子喵,,
幻影群岛,夜莺,,
幻影群岛,小恶魔布丁,,
幻影群岛,Miya,,
幻影群岛,塞西莉亚,,
幻影群岛,夯夯小土豆,,
幻影群岛,铅笔,,
幻影群岛,如果存在,,
幻影群岛,Lee·慢慢,,
幻影群岛,Cc晓晓柒,,
幻影群岛,龙,,
幻影群岛,箱子大人,,
幻影群岛,安笙笙,,
幻影群岛,零子,,
幻影群岛,包子呆呆,,
幻影群岛,鴫野贵澄,,
幻影群岛,天涯水,,
幻影群岛,萱草江漓,,
幻影群岛,噬伤,,
幻影群岛,月影残偲,,
幻影群岛,阿斯贝尔,,
幻影群岛,大栗c丶,,
幻影群岛,幻之精靈,,
幻影群岛,米团团,,
幻影群岛,羽飘舒风,,
幻影群岛,Grael,,
幻影群岛,从小就耐打,,
幻影群岛,朱鹭子,,
幻影群岛,天上要吹雪,,
幻影群岛,诺克特路西斯,,
幻影群岛,伊东守,,
幻影群岛,May,,
幻影群岛,芙蕾多妮婭,,
幻影群岛,绿川,,
幻影群岛,地狱伞兵,,
幻影群岛,多多良小傘,,
幻影群岛,佐伯,,
幻影群岛,傲娇叔,,
幻影群岛,谜之存在,,
幻影群岛,未來日記,,
幻影群岛,爱吃鱼的猫,,
幻影群岛,半吊吊吊吊吊,,
幻影群岛,Jacked,,
幻影群岛,鶴見,,
幻影群岛,Mika',,
幻影群岛,悠梦,,
幻影群岛,泡泡袖,,
幻影群岛,风鸟花月,,
幻影群岛,守护蕾娜,,
幻影群岛,卿芷落,,
幻影群岛,拉雅米,,
幻影群岛,流浪喵,,
幻影群岛,魅影风行,,
幻影群岛,樱落皭,,
幻影群岛,御子柴實琴,,
幻影群岛,野崎小御御,,
幻影群岛,珀耳塞芙涅,,
幻影群岛,闻人阡陌,,
幻影群岛,轮子殿下,,
幻影群岛,二木,,
幻影群岛,浮光掠影丶,,
幻影群岛,氷丶,,
幻影群岛,立花道雪,,
幻影群岛,时光丶忆少年,,
幻影群岛,岚岚鹿,,
幻影群岛,伊尔,,
幻影群岛,Relly,,
幻影群岛,震电改二,,
幻影群岛,Panan,,
幻影群岛,天命骑士,,
幻影群岛,艾斯兰灬大地,,
幻影群岛,天痕雪之华,,
幻影群岛,嘿咻,,
幻影群岛,木兮,,
幻影群岛,滋滋,,
幻影群岛,Yukine,,
幻影群岛,恩多萝西,,
幻影群岛,Found,,
幻影群岛,Mio灬小哈,,
幻影群岛,Gete,,
幻影群岛,白子祁,,
幻影群岛,Rubisc,,
幻影群岛,東风谷早苗,,
幻影群岛,铃鹿千鹤,,
幻影群岛,鼠式坦克,,
幻影群岛,梅莉,,
幻影群岛,丨asuna,,
幻影群岛,茶一,,
幻影群岛,萌萌哒·,,
幻影群岛,浅野悠,,
幻影群岛,莉西亚,,
幻影群岛,小吉祥天,,
幻影群岛,佐倉雙葉,,
幻影群岛,落雪苍,,
幻影群岛,長曾祢虎徹,,
幻影群岛,皆虚,,
幻影群岛,啊阿酱酱,,
幻影群岛,Noqing,,
幻影群岛,吹口哨唱儿歌,,
幻影群岛,随风飘落叶,,
幻影群岛,雪椿,,
幻影群岛,卡拉夏,,
幻影群岛,Moni,,
幻影群岛,麟鳞,,
幻影群岛,雷羽风,,
幻影群岛,S·亚尔赛德,,
幻影群岛,露娜liss,,
幻影群岛,可可果果,,
幻影群岛,城谷天海,,
幻影群岛,吉爾迦美什,,
幻影群岛,Neko',,
幻影群岛,Vegar,,
幻影群岛,穿裤衩的小八,,
幻影群岛,天下御免丶,,
幻影群岛,宝宝来我身边,,
幻影群岛,西木野苹果姬,,
幻影群岛,纱布猫,,
幻影群岛,Trust哦,,
幻影群岛,山兔子,,
幻影群岛,钻石裂痕,,
幻影群岛,谢莉亚·希伦,,
幻影群岛,Luciss,,
幻影群岛,花似尘,,
幻影群岛,南酱乄琉璃,,
幻影群岛,璃摆摆,,
幻影群岛,風見月葉,,
幻影群岛,South球,,
幻影群岛,艾尔维拉,,
幻影群岛,紫御里,,
幻影群岛,宫商徵羽,,
幻影群岛,北云油咖喱,,
幻影群岛,在下丶头很硬,,
幻影群岛,明月无心,,
幻影群岛,暮丶色,,
幻影群岛,月娜雅,,
幻影群岛,芷丶梦,,
幻影群岛,弗吉尔,,
幻影群岛,楠舞神夜,,
幻影群岛,盛夏de光年,,
幻影群岛,舞冉墨,,
幻影群岛,冰磬,,
幻影群岛,Elaia,,
幻影群岛,少侠不哭,,
幻影群岛,沉海之冰,,
幻影群岛,凯琳,,
幻影群岛,红丶寂瀞,,
幻影群岛,Dotapl,,
幻影群岛,失落的奧德賽,,
幻影群岛,微笑的泰麗莎,,
幻影群岛,Fran丶,,
幻影群岛,泰絲塔羅莎,,
幻影群岛,符儿,,
幻影群岛,Omeges,,
幻影群岛,秋叶飘满天,,
幻影群岛,扑,,
幻影群岛,鸦寐,,
幻影群岛,羽斗千恋,,
幻影群岛,橘子cora,,
幻影群岛,理世二百五,,
幻影群岛,弥路,,
幻影群岛,Ksnjol,,
幻影群岛,拉格提斯,,
幻影群岛,繑荈观铃,,
幻影群岛,鎏夜,,
幻影群岛,水若有情丶,,
幻影群岛,花小兎,,
幻影群岛,名字短难暴露,,
幻影群岛,莉娜惠美,,
幻影群岛,兰顿·萨斯顿,,
幻影群岛,奶冻小仓鼠,,
幻影群岛,Sagume,,
幻影群岛,吉吉良良吉影,,
幻影群岛,鹤谷,,
幻影群岛,光的声优,,
幻影群岛,無聊灬追风筝,,
幻影群岛,水果猫,,
