服务器,角色名,次数,,说明,
紫水栈桥,泽·菲里德,5+,,,
紫水栈桥,请拍打喂食,5+,,统计时间,7月12日0点到9月3日24点
紫水栈桥,破灭愿,5+,,5次或以上才算满足条件,
紫水栈桥,鸾,5+,,,
紫水栈桥,十里红莲,5+,,,
紫水栈桥,举身赴清池,5+,,,
紫水栈桥,哈妮团子,5+,,,
紫水栈桥,魔法少女樱,5+,,,
紫水栈桥,哈兹卡西,5+,,,
紫水栈桥,感冒叔叔,5+,,,
紫水栈桥,井,5+,,,
紫水栈桥,薄绿,5+,,,
紫水栈桥,咪咪了个喵,5+,,,
紫水栈桥,夕立,5+,,,
紫水栈桥,炼金咲夜,5+,,,
紫水栈桥,贝露贝露,5+,,,
紫水栈桥,喵喵了个咪,5+,,,
紫水栈桥,愛麗斯威震天,5+,,,
紫水栈桥,喵先森,5+,,,
紫水栈桥,酒醉蝴蝶,5+,,,
紫水栈桥,琪洛洛,5+,,,
紫水栈桥,仲闻,5+,,,
紫水栈桥,丧子酱,5+,,,
紫水栈桥,今晚月色好美,5+,,,
紫水栈桥,Annale,5+,,,
紫水栈桥,盛夏大头领,5+,,,
紫水栈桥,浴缸,5+,,,
紫水栈桥,里恩·施瓦泽,5+,,,
紫水栈桥,遥远的梦,5+,,,
紫水栈桥,薄荷木天蓼,5+,,,
紫水栈桥,嵐翼,5+,,,
紫水栈桥,灵雪,5+,,,
紫水栈桥,千卷,5+,,,
紫水栈桥,Misaka,5+,,,
紫水栈桥,星辰之砂,5+,,,
紫水栈桥,Noitcs,5+,,,
紫水栈桥,両弌干也,5+,,,
紫水栈桥,鳞目友人,5+,,,
紫水栈桥,姬海棠极,5+,,,
紫水栈桥,Lizie,5+,,,
紫水栈桥,万物皆虚,5+,,,
紫水栈桥,Queen妮,5+,,,
紫水栈桥,Reload,5+,,,
紫水栈桥,海因利希,5+,,,
紫水栈桥,羽川翼丶,5+,,,
紫水栈桥,Akino,5+,,,
紫水栈桥,葱头比比,5+,,,
紫水栈桥,Jaska,5+,,,
紫水栈桥,辛萨辛,5+,,,
紫水栈桥,郁楸,5+,,,
紫水栈桥,剋利乄俄澌,5+,,,
紫水栈桥,六合纵横,5+,,,
紫水栈桥,死线之蓝,5+,,,
紫水栈桥,铃刀,5+,,,
紫水栈桥,钵仔糕,5+,,,
紫水栈桥,菅原卓郎,5+,,,
紫水栈桥,麓流流,5+,,,
紫水栈桥,喜歡曬月亮,5+,,,
紫水栈桥,起酥,5+,,,
紫水栈桥,喵藏,5+,,,
紫水栈桥,大都比,5+,,,
紫水栈桥,阿莽t,5+,,,
紫水栈桥,百变怪,5+,,,
紫水栈桥,绝望和声,5+,,,
紫水栈桥,萌小虎,5+,,,
紫水栈桥,哔哔q,5+,,,
紫水栈桥,维米尔,5+,,,
紫水栈桥,圣枪爆裂男孩,5+,,,
紫水栈桥,羞涩的香蕉,5+,,,
紫水栈桥,Sstern,5+,,,
紫水栈桥,阿周娜,5+,,,
紫水栈桥,夏諾雅,5+,,,
紫水栈桥,驅逐艦丶時雨,5+,,,
紫水栈桥,Roki,5+,,,
紫水栈桥,潋滟千波,5+,,,
紫水栈桥,八云喵,5+,,,
紫水栈桥,杏夏病晚期,5+,,,
紫水栈桥,青柠茶,5+,,,
紫水栈桥,岛白羊,5+,,,
紫水栈桥,诗酒,5+,,,
紫水栈桥,华年,5+,,,
紫水栈桥,欲,5+,,,
紫水栈桥,黒子,5+,,,
紫水栈桥,你妹别诓我,5+,,,
紫水栈桥,Hatmi,5+,,,
紫水栈桥,希尔克斯,5+,,,
紫水栈桥,万由,5+,,,
紫水栈桥,岚葵,5+,,,
紫水栈桥,凝笑,5+,,,
紫水栈桥,喵x笛歌,5+,,,
紫水栈桥,卯月,5+,,,
紫水栈桥,Shelke,5+,,,
紫水栈桥,边线快马,5+,,,
紫水栈桥,老咪咪,5+,,,
紫水栈桥,最終兵器,5+,,,
紫水栈桥,梓离,5+,,,
紫水栈桥,蝉夏,5+,,,
紫水栈桥,歌缘,5+,,,
紫水栈桥,星灯,5+,,,
紫水栈桥,Sage,5+,,,
紫水栈桥,要加糖吗,5+,,,
紫水栈桥,栗子猫,5+,,,
紫水栈桥,小巨蛋,5+,,,
紫水栈桥,夏夜祭,5+,,,
紫水栈桥,无关枫月,5+,,,
紫水栈桥,卷纸君,5+,,,
紫水栈桥,Miniwa,5+,,,
紫水栈桥,赛赛,5+,,,
紫水栈桥,默羽,5+,,,
紫水栈桥,七龙龍龘龖珠,5+,,,
紫水栈桥,夜幕假面,5+,,,
紫水栈桥,麻辣火锅,5+,,,
紫水栈桥,Sanan,5+,,,
紫水栈桥,利瓦塔,5+,,,
紫水栈桥,卧烟伊豆湖,5+,,,
紫水栈桥,岸辺露伴,5+,,,
紫水栈桥,白调,5+,,,
紫水栈桥,见浦琉珠,5+,,,
紫水栈桥,·库丘林·,5+,,,
紫水栈桥,小拳头,5+,,,
紫水栈桥,Clown丨,5+,,,
紫水栈桥,Gbn,5+,,,
紫水栈桥,梶迫小道具店,5+,,,
紫水栈桥,拉夏丶,5+,,,
紫水栈桥,祖传大宝剑,5+,,,
紫水栈桥,画饼的兔子,5+,,,
紫水栈桥,瞬煌樱花,5+,,,
紫水栈桥,Airko,5+,,,
紫水栈桥,克洛安布斯特,5+,,,
紫水栈桥,小木曽雪菜,5+,,,
紫水栈桥,优质窝瓜,5+,,,
紫水栈桥,芬里尔狼,5+,,,
紫水栈桥,罗伊,5+,,,
紫水栈桥,迷糊小法师,5+,,,
紫水栈桥,可能性之龍,5+,,,
紫水栈桥,萌受,5+,,,
紫水栈桥,杨羽,5+,,,
紫水栈桥,Inlove,5+,,,
紫水栈桥,Tisler,5+,,,
紫水栈桥,猫六六,5+,,,
紫水栈桥,狐狸猫,5+,,,
紫水栈桥,曛,5+,,,
紫水栈桥,洛克貝爾,5+,,,
紫水栈桥,木头大加农,5+,,,
紫水栈桥,香风灬智乃,5+,,,
紫水栈桥,阿拉布查,5+,,,
紫水栈桥,斯维诺特,5+,,,
紫水栈桥,Lisy微风,5+,,,
紫水栈桥,贤者的叙事谣,5+,,,
紫水栈桥,李东西,5+,,,
紫水栈桥,镜弈,5+,,,
紫水栈桥,南宫那月酱,5+,,,
紫水栈桥,魔术师杨文理,5+,,,
紫水栈桥,十二季稻,5+,,,
紫水栈桥,Eugeos,5+,,,
紫水栈桥,基亞蘭,5+,,,
紫水栈桥,Rua,5+,,,
紫水栈桥,You神,5+,,,
紫水栈桥,安塔·瑞斯,5+,,,
紫水栈桥,Julie,5+,,,
紫水栈桥,丿my丶花葬,5+,,,
紫水栈桥,西瓜,5+,,,
紫水栈桥,Olico,5+,,,
紫水栈桥,O'pry,5+,,,
紫水栈桥,柒醬,5+,,,
紫水栈桥,想影真心,5+,,,
紫水栈桥,森格,5+,,,
紫水栈桥,青瓷儿,5+,,,
紫水栈桥,凶夢伝染,5+,,,
紫水栈桥,包包满载,5+,,,
紫水栈桥,十六夜咲夜丶,5+,,,
紫水栈桥,馒头馅丶,5+,,,
紫水栈桥,盫,5+,,,
紫水栈桥,冰霜粉尘,5+,,,
紫水栈桥,蔚蓝小队长,5+,,,
紫水栈桥,红莲业火,5+,,,
紫水栈桥,蒂朵,5+,,,
紫水栈桥,凤凰院丶七罪,5+,,,
紫水栈桥,彳亍灬,5+,,,
紫水栈桥,介錯,5+,,,
紫水栈桥,平雨轩,5+,,,
紫水栈桥,肖时钦,5+,,,
紫水栈桥,宇文,5+,,,
紫水栈桥,比村乳业,5+,,,
紫水栈桥,银木樨,5+,,,
紫水栈桥,君轻扬,5+,,,
紫水栈桥,弥生月,5+,,,
紫水栈桥,林相渡,5+,,,
紫水栈桥,落雪星霜,5+,,,
紫水栈桥,No,5+,,,
紫水栈桥,米妮伶伶,5+,,,
紫水栈桥,S'ean,5+,,,
紫水栈桥,Wwaly,5+,,,
紫水栈桥,Ether丶,5+,,,
紫水栈桥,聖白蓮,5+,,,
紫水栈桥,Kinocs,5+,,,
紫水栈桥,丶没头脑,5+,,,
紫水栈桥,卡西亚,5+,,,
紫水栈桥,尼泊奈尔,5+,,,
紫水栈桥,Winn,5+,,,
紫水栈桥,猫丶妖,5+,,,
紫水栈桥,篠崎幸子,5+,,,
紫水栈桥,临意,5+,,,
紫水栈桥,天涯之明,5+,,,
紫水栈桥,與謝野雀,5+,,,
紫水栈桥,鲁路修殿下,5+,,,
紫水栈桥,Panda蓝,5+,,,
紫水栈桥,主人,5+,,,
紫水栈桥,双皮奶,5+,,,
紫水栈桥,血色曼陀罗,5+,,,
紫水栈桥,一只小卿,5+,,,
紫水栈桥,樱辙猫,5+,,,
紫水栈桥,Mikumi,5+,,,
紫水栈桥,喜多村·血蹄,5+,,,
紫水栈桥,靑城龍一,5+,,,
紫水栈桥,肖晓,5+,,,
紫水栈桥,八重花樱梨,5+,,,
紫水栈桥,Cain君,5+,,,
紫水栈桥,林恩恩,5+,,,
紫水栈桥,Irony丶,5+,,,
紫水栈桥,萧然若空,5+,,,
紫水栈桥,豸苗,5+,,,
紫水栈桥,童话,5+,,,
紫水栈桥,潇洒的刘书记,5+,,,
紫水栈桥,Oris丶零,5+,,,
紫水栈桥,九尾贝果狐,5+,,,
紫水栈桥,荒流天镜,5+,,,
紫水栈桥,一被子的朋友,5+,,,
紫水栈桥,普拉喵,5+,,,
紫水栈桥,月见山茶,5+,,,
紫水栈桥,小小小骑士,5+,,,
紫水栈桥,魔魔子,5+,,,
紫水栈桥,星蝶,5+,,,
紫水栈桥,Diva蒂娃,5+,,,
紫水栈桥,焦糖牛奶沙司,5+,,,
紫水栈桥,空过阿久,5+,,,
紫水栈桥,阿宅狼,5+,,,
紫水栈桥,奥斯曼,5+,,,
紫水栈桥,凯兰诺德,5+,,,
紫水栈桥,Mors,5+,,,
紫水栈桥,科洛丝丶琳希,5+,,,
紫水栈桥,一丁豆豆,5+,,,
紫水栈桥,徳井妮可,5+,,,
紫水栈桥,败北的dt,5+,,,
紫水栈桥,南条一米五,5+,,,
紫水栈桥,Nagina,5+,,,
紫水栈桥,希希蒲,5+,,,
紫水栈桥,Hulun,5+,,,
紫水栈桥,半月琉璃,5+,,,
紫水栈桥,Abzu,5+,,,
紫水栈桥,梅伊,5+,,,
紫水栈桥,Qanik,5+,,,
紫水栈桥,千颜,5+,,,
紫水栈桥,明月之笑,5+,,,
紫水栈桥,塔塔子,5+,,,
紫水栈桥,朱碧·多拉,5+,,,
紫水栈桥,东风谷节喵,5+,,,
紫水栈桥,海茵·潘朵菈,5+,,,
紫水栈桥,杏病缺耀,5+,,,
紫水栈桥,柚月,5+,,,
紫水栈桥,Von丶,5+,,,
紫水栈桥,蝰,5+,,,
紫水栈桥,乌咪酱,5+,,,
紫水栈桥,酒与萃香,5+,,,
紫水栈桥,无可奉告,5+,,,
紫水栈桥,Fuguc,5+,,,
紫水栈桥,黎黎黎黎落,5+,,,
紫水栈桥,烤夜雀,5+,,,
紫水栈桥,小璇,5+,,,
紫水栈桥,塔魯塔魯,5+,,,
紫水栈桥,肆灬,5+,,,
紫水栈桥,Aixn,5+,,,
紫水栈桥,拉风的男神,5+,,,
紫水栈桥,黑猫子,5+,,,
紫水栈桥,脑膜炎晚期,5+,,,
紫水栈桥,Juele,5+,,,
紫水栈桥,淮,5+,,,
紫水栈桥,望望,5+,,,
紫水栈桥,Gintex,5+,,,
紫水栈桥,·神棍,5+,,,
紫水栈桥,灬星熊灬,5+,,,
紫水栈桥,猪头,5+,,,
紫水栈桥,绚濑绘里,5,,,
紫水栈桥,真宫寺櫻,5,,,
紫水栈桥,趴榻猫,5,,,
紫水栈桥,邪恶赵云,5,,,
紫水栈桥,晓snow,5,,,
紫水栈桥,空白酱,5,,,
紫水栈桥,Tiamat,5,,,
紫水栈桥,雅·佩特拉,5,,,
紫水栈桥,络雨,5,,,
紫水栈桥,白霜霜,5,,,
紫水栈桥,阿爾法,5,,,
紫水栈桥,馒头猫,5,,,
紫水栈桥,梵德格罗尼斯,5,,,
紫水栈桥,若雪雪,5,,,
紫水栈桥,Pp君,5,,,
紫水栈桥,北半球的吻,5,,,
紫水栈桥,十万萌军教头,5,,,
紫水栈桥,西园寺熊猫,5,,,
紫水栈桥,珍珠星的距离,5,,,
紫水栈桥,艾西法,5,,,
紫水栈桥,苏娜吖,5,,,
紫水栈桥,阿刻戎,5,,,
紫水栈桥,棉花味小兔c,5,,,
紫水栈桥,Triste,5,,,
紫水栈桥,依迪娜晨风,5,,,
紫水栈桥,水帘洞ceo,5,,,
紫水栈桥,五更龙宝宝,5,,,
紫水栈桥,越狱菟,5,,,
紫水栈桥,瑟拉娜,5,,,
紫水栈桥,Freyia,5,,,
紫水栈桥,壱級天災,5,,,
紫水栈桥,孒谦丶,5,,,
紫水栈桥,颜艺姬,5,,,
紫水栈桥,尤納恩乄,5,,,
紫水栈桥,萌神神,5,,,
紫水栈桥,助手桑,5,,,
紫水栈桥,永恆,5,,,
紫水栈桥,Marida,5,,,
紫水栈桥,離木鳥,5,,,
紫水栈桥,糖小莫,5,,,
紫水栈桥,原映雪,5,,,
紫水栈桥,宿魂丶天,5,,,
紫水栈桥,鏡飛彩,5,,,
紫水栈桥,尛小小,5,,,
紫水栈桥,俯瞰风景·,5,,,
紫水栈桥,赤莲之翼,5,,,
紫水栈桥,小酱油大米醋,5,,,
紫水栈桥,浮殇年华,5,,,
紫水栈桥,随风飘落的叶,5,,,
紫水栈桥,雪域喵,5,,,
紫水栈桥,猫猫mia,5,,,
紫水栈桥,Kuzzma,5,,,
紫水栈桥,小柳宿宿,5,,,
紫水栈桥,離水魚,5,,,
紫水栈桥,丶柳叶戏红梅,5,,,
紫水栈桥,泡芙,5,,,
紫水栈桥,深,5,,,
紫水栈桥,小黑丷,5,,,
紫水栈桥,九命猫,5,,,
紫水栈桥,吾有麒麟臂,5,,,
紫水栈桥,未闻灬花名,5,,,
紫水栈桥,无羡,5,,,
紫水栈桥,星星的咏叹调,5,,,
紫水栈桥,李沅慧,5,,,
紫水栈桥,肥大,5,,,
紫水栈桥,柳筱曦,5,,,
紫水栈桥,圆神,5,,,
紫水栈桥,夜月哀伤,5,,,
紫水栈桥,肥皂君,5,,,
紫水栈桥,语姫,5,,,
紫水栈桥,伊恩库洛,5,,,
紫水栈桥,月山丶,5,,,
紫水栈桥,西澤,5,,,
紫水栈桥,萌陸陸,5,,,
紫水栈桥,夏弥,5,,,
紫水栈桥,重精求子,5,,,
紫水栈桥,大漠小鱼干,5,,,
紫水栈桥,小延延,5,,,
紫水栈桥,叶落舞音,5,,,
紫水栈桥,拉芙拉,5,,,
紫水栈桥,深见透子,5,,,
紫水栈桥,虚幽末,5,,,
紫水栈桥,玉灵,5,,,
紫水栈桥,小碎骨,5,,,
紫水栈桥,桃心熊熊,5,,,
紫水栈桥,貝塔,5,,,
紫水栈桥,贝露贝特,5,,,
紫水栈桥,灭亡歌,5,,,
紫水栈桥,在水,5,,,
紫水栈桥,那么大甜筒,5,,,
紫水栈桥,是昔流芳,5,,,
紫水栈桥,岛津丰久,5,,,
紫水栈桥,Ambler,5,,,
紫水栈桥,瓜皮猫,5,,,
紫水栈桥,蔷薇月音,5,,,
紫水栈桥,高机动型扎古,5,,,
紫水栈桥,顾不了,5,,,
紫水栈桥,Seacy,5,,,
紫水栈桥,王樣丶亞瑟,5,,,
紫水栈桥,Plus丶喵,5,,,
紫水栈桥,杰出绅士,5,,,
紫水栈桥,Mao桑,5,,,
紫水栈桥,泡面sama,5,,,
紫水栈桥,莱欧斯,5,,,
紫水栈桥,潇舜,5,,,
紫水栈桥,秋添的云,5,,,
紫水栈桥,火姬,5,,,
紫水栈桥,山田葵,5,,,
紫水栈桥,雷娘龙,5,,,
紫水栈桥,飞雪漪澜,5,,,
紫水栈桥,落日黄昏,5,,,
紫水栈桥,推仔,5,,,
紫水栈桥,格雷西亚,5,,,
紫水栈桥,Laixi,5,,,
紫水栈桥,Rufus,5,,,
紫水栈桥,Riose丶,5,,,
紫水栈桥,玖廿三,5,,,
紫水栈桥,混世魔女,5,,,
紫水栈桥,Ipp,5,,,
紫水栈桥,霰仙,5,,,
紫水栈桥,精壮汉子,5,,,
紫水栈桥,凛雪鴉,5,,,
紫水栈桥,黑触发,5,,,
紫水栈桥,红烧冰淇淋,5,,,
紫水栈桥,狸猫型希碳,5,,,
紫水栈桥,高野政宗,5,,,
紫水栈桥,南十字星,5,,,
紫水栈桥,水星来的猫,5,,,
紫水栈桥,Sa丿丸子,5,,,
紫水栈桥,芫茜,5,,,
紫水栈桥,素色轻颜,5,,,
紫水栈桥,Tabe,5,,,
紫水栈桥,涂紫,5,,,
紫水栈桥,露缇雅,5,,,
紫水栈桥,乱儿,5,,,
紫水栈桥,如龙子,5,,,
紫水栈桥,天殇,5,,,
紫水栈桥,Junson,5,,,
紫水栈桥,粗神经,5,,,
紫水栈桥,里薇,5,,,
紫水栈桥,简浅语,5,,,
紫水栈桥,老豆豆,5,,,
紫水栈桥,Ackls,5,,,
紫水栈桥,爆炸头,5,,,
紫水栈桥,叶喵喵喵帕斯,5,,,
紫水栈桥,波波鸟,5,,,
紫水栈桥,Corda,5,,,
紫水栈桥,红夜,5,,,
紫水栈桥,暗黑星辰,5,,,
紫水栈桥,猫柠饼丶,5,,,
紫水栈桥,Lala丶,5,,,
紫水栈桥,猫田柚柚香,5,,,
紫水栈桥,帅帅哒小攻,5,,,
紫水栈桥,猫四爷,5,,,
紫水栈桥,猿比古二型,5,,,
紫水栈桥,澜汐丶草莓酱,5,,,
紫水栈桥,蒸发的龙龙,5,,,
紫水栈桥,不知君,5,,,
紫水栈桥,桑梓未練,5,,,
紫水栈桥,梦歌奈亚,5,,,
紫水栈桥,狗八酱,5,,,
紫水栈桥,克莉絲特,5,,,
紫水栈桥,承太郎的帽子,5,,,
紫水栈桥,菲莉雅,5,,,
紫水栈桥,尼?,5,,,
紫水栈桥,蓝猫神,5,,,
紫水栈桥,Noche,5,,,
紫水栈桥,楠楠酱,5,,,
紫水栈桥,Raiser,5,,,
紫水栈桥,自由游,5,,,
紫水栈桥,贝亚尔,5,,,
紫水栈桥,机智巴,5,,,
紫水栈桥,Mas绅士丶,5,,,
紫水栈桥,Qiqi,5,,,
紫水栈桥,悠扬之清风,5,,,
紫水栈桥,德厉,5,,,
紫水栈桥,尤娜雷斯卡,5,,,
紫水栈桥,椎名真白酱,5,,,
紫水栈桥,枫歌夜曲,5,,,
紫水栈桥,陌离秋,5,,,
紫水栈桥,你猜我猜不猜,5,,,
紫水栈桥,Quard,5,,,
紫水栈桥,阿彻ol,5,,,
紫水栈桥,末言未衍,5,,,
紫水栈桥,Giulio,5,,,
紫水栈桥,Ranah,5,,,
紫水栈桥,昴,5,,,
紫水栈桥,古尔杜鲁,5,,,
紫水栈桥,萌小懒,5,,,
紫水栈桥,西凉雨落,5,,,
紫水栈桥,剑帝莱维丶,5,,,
紫水栈桥,伊吹大西瓜,5,,,
紫水栈桥,耐特梅尔,5,,,
紫水栈桥,梓云,5,,,
紫水栈桥,三泽纱千香,5,,,
紫水栈桥,十二阑,5,,,
紫水栈桥,酥酥酥,5,,,
紫水栈桥,初瑜,5,,,
紫水栈桥,潜,5,,,
紫水栈桥,曾伽宗博尔特,5,,,
紫水栈桥,暗月雪,5,,,
紫水栈桥,波漓,5,,,
紫水栈桥,诸葛墨兰,5,,,
紫水栈桥,猫七酱,5,,,
紫水栈桥,周助ryom,5,,,
紫水栈桥,陌染风尘,5,,,
紫水栈桥,拉法叶,5,,,
紫水栈桥,奥利文特,5,,,
紫水栈桥,月转廊丶灼濯,5,,,
紫水栈桥,长岛未雪,5,,,
紫水栈桥,橘千鹤,5,,,
紫水栈桥,道草茜,5,,,
紫水栈桥,坂上斗真,5,,,
紫水栈桥,Alven,5,,,
紫水栈桥,离人梦,5,,,
紫水栈桥,鼠片,5,,,
紫水栈桥,梅瑞克斯,5,,,
紫水栈桥,月森円香,5,,,
紫水栈桥,Cst丶zx,5,,,
紫水栈桥,·花澤香菜·,5,,,
紫水栈桥,绚濑爱理,5,,,
紫水栈桥,Pompei,5,,,
紫水栈桥,三颗猫饼干丶,5,,,
紫水栈桥,采采薇儿,5,,,
紫水栈桥,錚之黝,5,,,
紫水栈桥,牛顿吃苹果,5,,,
紫水栈桥,肉小山山丶,5,,,
紫水栈桥,大喵子,5,,,
紫水栈桥,小米团子,5,,,
紫水栈桥,翱翔的艾娜,5,,,
紫水栈桥,唐简,5,,,
紫水栈桥,瞬的气熄,5,,,
紫水栈桥,Neko喵君,5,,,
紫水栈桥,绝望独奏,5,,,
紫水栈桥,玉水明莎,5,,,
紫水栈桥,静子,5,,,
紫水栈桥,咕噜肉,5,,,
紫水栈桥,困困的粽子,5,,,
紫水栈桥,过来鸡蛋,5,,,
紫水栈桥,溪影,5,,,
紫水栈桥,十七翼狗天使,5,,,
紫水栈桥,夜日月琉曲,5,,,
紫水栈桥,Louis·,5,,,
紫水栈桥,红尘伊不诉,5,,,
紫水栈桥,哈络温,5,,,
紫水栈桥,梓紗,5,,,
紫水栈桥,希尔维娅丶,5,,,
紫水栈桥,綠草如茵,5,,,
紫水栈桥,谈幽,5,,,
紫水栈桥,咪丶,5,,,
紫水栈桥,熊仔曲奇,5,,,
紫水栈桥,幻想之莉可,5,,,
紫水栈桥,红尘不相依,5,,,
紫水栈桥,豸里,5,,,
紫水栈桥,小熊囝,5,,,
紫水栈桥,辉凰,5,,,
紫水栈桥,Saber将,5,,,
紫水栈桥,淺聽风吟,5,,,
紫水栈桥,Jolly,5,,,
紫水栈桥,抹茶椰果冰,5,,,
紫水栈桥,狐小卯,5,,,
紫水栈桥,Caayuu,5,,,
紫水栈桥,Acy,5,,,
紫水栈桥,南山齐,5,,,
紫水栈桥,渡光,5,,,
紫水栈桥,八云丿藍,5,,,
紫水栈桥,咸鱼王,5,,,
紫水栈桥,格瑞德·蒙特,5,,,
紫水栈桥,糯米枣泥糕,5,,,
紫水栈桥,Kongo,5,,,
紫水栈桥,早緑玉露,5,,,
紫水栈桥,北野雄一,5,,,
紫水栈桥,撸管男,5,,,
紫水栈桥,Dr冰滓,5,,,
紫水栈桥,Dr森聆,5,,,
紫水栈桥,我不是萝莉控,5,,,
紫水栈桥,山姥切国広,5,,,
紫水栈桥,雀斑的烦恼,5,,,
紫水栈桥,残暴正义号,5,,,
紫水栈桥,桃符,5,,,
紫水栈桥,Gaster,5,,,
紫水栈桥,散花,5,,,
紫水栈桥,啊咧poi,5,,,
紫水栈桥,朝凪,5,,,
紫水栈桥,一路向北丶,5,,,
紫水栈桥,洛洛伊,5,,,
紫水栈桥,香菇鸡肉面,5,,,
紫水栈桥,哀伤之刃,5,,,
紫水栈桥,Koshii,5,,,
紫水栈桥,夏天以后,5,,,
紫水栈桥,灰烬化身,5,,,
紫水栈桥,飘紫月下,5,,,
紫水栈桥,武圣,5,,,
紫水栈桥,神圣之锤,5,,,
紫水栈桥,岛风改二,5,,,
紫水栈桥,阿蛋蛋,5,,,
紫水栈桥,Kazuho,5,,,
紫水栈桥,浮厝,5,,,
紫水栈桥,黑牙a,5,,,
紫水栈桥,开阳度厄丨妖,5,,,
紫水栈桥,丁丁豆,5,,,
紫水栈桥,莳times,5,,,
紫水栈桥,Cease,5,,,
紫水栈桥,奶油条,5,,,
紫水栈桥,林黛玉,5,,,
紫水栈桥,Lavend,5,,,
紫水栈桥,靈尐楓,5,,,
紫水栈桥,空閑游真,5,,,
紫水栈桥,弓兵多挂逼,5,,,
紫水栈桥,湛蓝的眼泪,5,,,
紫水栈桥,库啵库啵库啵,5,,,
紫水栈桥,笨笨沙卡拉卡,5,,,
紫水栈桥,佩里亚丝,5,,,
紫水栈桥,沙缇拉,5,,,
紫水栈桥,As丷湮幻刺,5,,,
紫水栈桥,雅丶修特菈,5,,,
紫水栈桥,蕴灵子,5,,,
紫水栈桥,逝彡残血,5,,,
紫水栈桥,你叫什么名字,5,,,
紫水栈桥,由莉耶儿,5,,,
紫水栈桥,迫真琴,5,,,
紫水栈桥,飯島結音,5,,,
紫水栈桥,纸卷,5,,,
紫水栈桥,秦子默,5,,,
紫水栈桥,夜长梦会多,5,,,
紫水栈桥,呆纯,5,,,
紫水栈桥,黑兔爱丽丝,5,,,
紫水栈桥,枝猫,5,,,
紫水栈桥,白昼渡歌,5,,,
紫水栈桥,公正之剑,5,,,
紫水栈桥,久喵,5,,,
紫水栈桥,Jyokun,5,,,
紫水栈桥,白银紬,5,,,
紫水栈桥,北亭殊,5,,,
紫水栈桥,暴怒皇,5,,,
紫水栈桥,白魔法丶,5,,,
紫水栈桥,小桜,5,,,
紫水栈桥,紫蓝色气泡,5,,,
紫水栈桥,意式奶油布丁,5,,,
紫水栈桥,暴躁的牡蛎,5,,,
紫水栈桥,雪殇,5,,,
紫水栈桥,极夜,5,,,
紫水栈桥,六道玲,5,,,
紫水栈桥,大魔王拉比克,5,,,
紫水栈桥,莉泽萝缇,5,,,
紫水栈桥,爱德华·豆丁,5,,,
紫水栈桥,未來永劫,5,,,
紫水栈桥,花绮罗,5,,,
紫水栈桥,学会珍惜,5,,,
紫水栈桥,丹妮莉莉丝,5,,,
紫水栈桥,雍和,5,,,
紫水栈桥,左丘米,5,,,
紫水栈桥,伊梅尔,5,,,
紫水栈桥,迪特兰卡,5,,,
紫水栈桥,牛奶椛糖,5,,,
紫水栈桥,铭记在心,5,,,
紫水栈桥,薬指,5,,,
紫水栈桥,可达鸭orz,5,,,
紫水栈桥,叫我胖大海,5,,,
紫水栈桥,暴,5,,,
紫水栈桥,麋了鹿,5,,,
紫水栈桥,叶月儿,5,,,
紫水栈桥,路易斯阿兹恩,5,,,
紫水栈桥,南瓜頭,5,,,
紫水栈桥,西木野绘梨子,5,,,
紫水栈桥,阿梨梨,5,,,
紫水栈桥,零姬,5,,,
紫水栈桥,不会打字,5,,,
紫水栈桥,麦子·,5,,,
紫水栈桥,浅风月,5,,,
紫水栈桥,南汐非南兮丶,5,,,
紫水栈桥,时计坂影,5,,,
紫水栈桥,Sympa,5,,,
紫水栈桥,卡马呗比,5,,,
紫水栈桥,愉悦君的天堂,5,,,
紫水栈桥,克鲁鲁,5,,,
紫水栈桥,酱油加冰,5,,,
紫水栈桥,肥狼,5,,,
紫水栈桥,胖熊尼卡,5,,,
紫水栈桥,女王风行者,5,,,
紫水栈桥,小泽亚李,5,,,
紫水栈桥,薇拉潘多拉贡,5,,,
紫水栈桥,流光星辰,5,,,
紫水栈桥,天澜,5,,,
紫水栈桥,我像一只羊,5,,,
紫水栈桥,妮美雅丶,5,,,
紫水栈桥,百合华,5,,,
紫水栈桥,尹翠丝汀,5,,,
紫水栈桥,Elysia,5,,,
紫水栈桥,夜光四重奏,5,,,
紫水栈桥,依然小帅气,5,,,
紫水栈桥,Indira,5,,,
紫水栈桥,铃仙·优昙华,5,,,
紫水栈桥,没成勇者的我,5,,,
紫水栈桥,幽谷税,5,,,
紫水栈桥,Scp,5,,,
紫水栈桥,吉良·吉影,5,,,
紫水栈桥,朽木白哉灬,5,,,
紫水栈桥,色即是悟空,5,,,
紫水栈桥,沙沙貴林檎,5,,,
紫水栈桥,蒲卡,5,,,
紫水栈桥,霜月千秋,5,,,
紫水栈桥,祖希克腾,5,,,
紫水栈桥,初之主角,5,,,
紫水栈桥,噗噗就是噗噗,5,,,
紫水栈桥,托尔丹,5,,,
紫水栈桥,战火z,5,,,
紫水栈桥,Aresk,5,,,
紫水栈桥,卿倾轻舞,5,,,
紫水栈桥,旋律丶ls,5,,,
紫水栈桥,小兄弟zip,5,,,
紫水栈桥,无桐伊织,5,,,
紫水栈桥,七色的人形使,5,,,
紫水栈桥,哈哈不是妹子,5,,,
紫水栈桥,Bang冰,5,,,
紫水栈桥,云飞羽,5,,,
紫水栈桥,富樫六花,5,,,
紫水栈桥,我本纯良,5,,,
紫水栈桥,梦惊还,5,,,
紫水栈桥,索索菲诺,5,,,
紫水栈桥,埃尓姆诺斯特,5,,,
紫水栈桥,Glacon,5,,,
紫水栈桥,密银制狄,5,,,
紫水栈桥,九条月夜,5,,,
紫水栈桥,撒拉嘿呦iu,5,,,
紫水栈桥,猛起炼腹肌,5,,,
紫水栈桥,青鵉,5,,,
紫水栈桥,雪鶴,5,,,
紫水栈桥,暴走猫猫熊丶,5,,,
紫水栈桥,捷克弗列德,5,,,
紫水栈桥,刹那空逝,5,,,
紫水栈桥,菠萝奶昔,5,,,
紫水栈桥,Shivah,5,,,
紫水栈桥,塔其弥,5,,,
紫水栈桥,笑逐,5,,,
紫水栈桥,慢慢慢慢点,5,,,
紫水栈桥,日暮夏一,5,,,
紫水栈桥,司马真皮沙发,5,,,
紫水栈桥,夏元宝,5,,,
紫水栈桥,大大大大咸鱼,5,,,
紫水栈桥,二阶堂天音,5,,,
紫水栈桥,風色,5,,,
紫水栈桥,绞梦,5,,,
紫水栈桥,肥熊,5,,,
紫水栈桥,Tricia,5,,,
紫水栈桥,三日月辉夜,5,,,
紫水栈桥,柒夕曜,5,,,
紫水栈桥,弥见,5,,,
紫水栈桥,丶艾文,5,,,
紫水栈桥,Nana醬丶,5,,,
紫水栈桥,绮梦有小情绪,5,,,
紫水栈桥,海邊的卡夫卡,5,,,
紫水栈桥,若璃,5,,,
紫水栈桥,博麗靈梦,5,,,
紫水栈桥,奥班农,5,,,
紫水栈桥,迦络,5,,,
紫水栈桥,繆莉,5,,,
紫水栈桥,刁九你,5,,,
紫水栈桥,Sky丶辉煌,5,,,
紫水栈桥,Ends丶,5,,,
紫水栈桥,超爱大熊瞄,5,,,
紫水栈桥,鸩羽千夜丶,5,,,
紫水栈桥,紫丨寒湮,5,,,
紫水栈桥,锋丶gg,5,,,
紫水栈桥,月讀調,5,,,
紫水栈桥,纨禅稚雀,5,,,
紫水栈桥,蜜豆璃,5,,,
紫水栈桥,Noct·,5,,,
紫水栈桥,藤月,5,,,
紫水栈桥,琳蓓露,4,,,
紫水栈桥,海沉,4,,,
紫水栈桥,Rosali,4,,,
紫水栈桥,埃克萊爾法隆,4,,,
紫水栈桥,Alive,4,,,
紫水栈桥,天然卷发子,4,,,
紫水栈桥,澄心,4,,,
紫水栈桥,Miu丶kk,4,,,
紫水栈桥,荏苒灬,4,,,
紫水栈桥,坂上智代,3,,,
紫水栈桥,Coder,3,,,
紫水栈桥,酒精棉球,3,,,
紫水栈桥,Anacod,3,,,
紫水栈桥,十五二十,3,,,
紫水栈桥,方济各,3,,,
紫水栈桥,乔卤肉,3,,,
紫水栈桥,深川麻衣,3,,,
紫水栈桥,超兇,3,,,
紫水栈桥,折羽天下,3,,,
紫水栈桥,就是一只青蛙,3,,,
紫水栈桥,黑瀨陸,3,,,
紫水栈桥,男神阿木,3,,,
紫水栈桥,西西东,3,,,
紫水栈桥,Tiber,3,,,
紫水栈桥,暗日龙华,3,,,
紫水栈桥,别看了基佬紫,3,,,
紫水栈桥,楠田爱乃森森,3,,,
紫水栈桥,Momyum,3,,,
紫水栈桥,月之祠,3,,,
紫水栈桥,千歌家的蜜柑,3,,,
紫水栈桥,須木朗,3,,,
紫水栈桥,豆锤奶酪,3,,,
紫水栈桥,Miney,3,,,
紫水栈桥,银莲花之心,3,,,
紫水栈桥,深度夜梨病患,3,,,
紫水栈桥,秋元真夏丶,3,,,
紫水栈桥,夜羽的小二魔,3,,,
紫水栈桥,Anht,3,,,
紫水栈桥,大辛,3,,,
紫水栈桥,抖猫,3,,,
紫水栈桥,烏丸千歳,3,,,
紫水栈桥,迷你弓箭手,2,,,
紫水栈桥,Kite,2,,,
紫水栈桥,素然星辰,2,,,
紫水栈桥,魔炎法师,2,,,
紫水栈桥,初雪丶,2,,,
紫水栈桥,蕙兰歆,2,,,
紫水栈桥,君夜,2,,,
紫水栈桥,缘味胖次,2,,,
紫水栈桥,四散恶意,2,,,
紫水栈桥,指数崩坏,2,,,
紫水栈桥,昼昼,2,,,
紫水栈桥,Lerosi,2,,,
紫水栈桥,祈·花羽梦楪,2,,,
紫水栈桥,莉丽喵,2,,,
紫水栈桥,樱庭美雪,2,,,
紫水栈桥,Sumer莳,2,,,
紫水栈桥,别打我我会哭,2,,,
紫水栈桥,濑娜,2,,,
紫水栈桥,麻生真希,2,,,
紫水栈桥,路过的龙骑士,2,,,
紫水栈桥,森近霖之助,1,,,
紫水栈桥,珈蓝之瞳,1,,,
紫水栈桥,Lude,1,,,
紫水栈桥,昨日旧梦,1,,,
紫水栈桥,红烧牛肉面,1,,,
紫水栈桥,瞳欣,1,,,
紫水栈桥,西顾丶,1,,,
紫水栈桥,小醉喵,1,,,
紫水栈桥,歐根親王,1,,,
紫水栈桥,半月喵,1,,,
紫水栈桥,夏爾娜,1,,,
紫水栈桥,工口老师丶,1,,,
紫水栈桥,茅野枫,1,,,
紫水栈桥,地鳴,1,,,
紫水栈桥,雾香雪楼兰,1,,,
紫水栈桥,奥卓克希昂,1,,,
紫水栈桥,喵喵铃,1,,,
紫水栈桥,拉撒路,1,,,
紫水栈桥,艾特罗,1,,,
紫水栈桥,零崎無识,1,,,
紫水栈桥,阿特柔斯,1,,,
紫水栈桥,初夏丶瞳,1,,,
紫水栈桥,神崎·脆皮雞,1,,,
紫水栈桥,普西,1,,,
紫水栈桥,丶我是一条鱼,1,,,
紫水栈桥,嚴絕塵,1,,,
紫水栈桥,蝶舞,1,,,
紫水栈桥,红烧小排骨,1,,,
紫水栈桥,喪女,1,,,
紫水栈桥,霜桐,1,,,
紫水栈桥,萌萌紫丶,1,,,
紫水栈桥,Shinoo,1,,,
紫水栈桥,Ohwang,1,,,
紫水栈桥,战斗型dt,1,,,
紫水栈桥,蒂塔纽姆,1,,,
紫水栈桥,Lzsama,1,,,
紫水栈桥,Yeeeex,1,,,
紫水栈桥,森染,1,,,
紫水栈桥,迷路的爱丽丝,1,,,
紫水栈桥,Qko,1,,,
紫水栈桥,Dva丶古美,1,,,
紫水栈桥,雷霆公,1,,,
紫水栈桥,北见丽华,1,,,
紫水栈桥,搞搞大神,1,,,
紫水栈桥,昆西昆,1,,,
紫水栈桥,萌枪战姬,1,,,
紫水栈桥,叫我点点,1,,,
紫水栈桥,文续武膜,1,,,
紫水栈桥,深粉色的圣酱,1,,,
紫水栈桥,空景丶浮华,1,,,
紫水栈桥,我是貓,1,,,
紫水栈桥,断了刃的刀,1,,,
紫水栈桥,麦克灬雷,1,,,
紫水栈桥,Totori,1,,,
紫水栈桥,Inkkk,1,,,
神意之地,幕后推手狗白,5+,,,
神意之地,小寒晨,5+,,,
神意之地,云和雾的赞歌,5+,,,
神意之地,劍随,5+,,,
神意之地,丶拿小果果,5+,,,
神意之地,云吞面,5+,,,
神意之地,借问奶爸何处,5+,,,
神意之地,桂月,5+,,,
神意之地,岁月风歌,5+,,,
神意之地,風逸,5+,,,
神意之地,赤鹿,5+,,,
神意之地,Moln,5+,,,
神意之地,Xuanan,5+,,,
神意之地,言書,5+,,,
神意之地,Enuma,5+,,,
神意之地,映画苍穹,5+,,,
神意之地,最後的希望,5+,,,
神意之地,Grace酱,5+,,,
神意之地,海绵宝宝丶,5+,,,
神意之地,丶尛點點丶,5+,,,
神意之地,M阿西娅,5+,,,
神意之地,铠武乃风,5+,,,
神意之地,Rulu酱,5+,,,
神意之地,Laotou,5+,,,
神意之地,Semi夕,5+,,,
神意之地,鸦karas,5+,,,
神意之地,恒星诞生墙,5+,,,
神意之地,天河星辰,5+,,,
神意之地,艾德文特,5+,,,
神意之地,莲清人,5+,,,
神意之地,寄信者,5+,,,
神意之地,雪森樱,5+,,,
神意之地,Devil童,5+,,,
神意之地,料峭酒醒,5+,,,
神意之地,気丶球,5+,,,
神意之地,夜夜yyyy,5+,,,
神意之地,附二卢教授,5+,,,
神意之地,柴豆,5+,,,
神意之地,逆光丶,5+,,,
神意之地,撒拉斐尔,5+,,,
神意之地,攸好好,5+,,,
神意之地,猫玖,5+,,,
神意之地,孽小丁,5+,,,
神意之地,伊吹萃香,5+,,,
神意之地,Simpe,5+,,,
神意之地,Couse,5+,,,
神意之地,绅士丨风之谦,5+,,,
神意之地,Pauhsy,5+,,,
神意之地,筱风,5+,,,
神意之地,十六夜黄泉,5+,,,
神意之地,Liliai,5+,,,
神意之地,老夫好可爱,5+,,,
神意之地,幻晶,5+,,,
神意之地,白井黑子哦,5+,,,
神意之地,濑尾结月,5+,,,
神意之地,笑忘书签,5+,,,
神意之地,崔弟的营养师,5+,,,
神意之地,Sorrow,5+,,,
神意之地,直政,5+,,,
神意之地,Lexer,5+,,,
神意之地,柒染,5+,,,
神意之地,桑桑么,5+,,,
神意之地,Maki,5+,,,
神意之地,乌尔菲妮希丝,5+,,,
神意之地,染色凉橙,5+,,,
神意之地,瞳孔,5+,,,
神意之地,Yakult,5+,,,
神意之地,幻樱之月殇,5+,,,
神意之地,诺诺婕,5+,,,
神意之地,Katou丶,5+,,,
神意之地,拾葵,5+,,,
神意之地,Zayi,5+,,,
神意之地,Tenko,5+,,,
神意之地,奇迹时代,5+,,,
神意之地,林二,5+,,,
神意之地,封龙,5+,,,
神意之地,Qlu丶,5+,,,
神意之地,亚连丶沃克,5+,,,
神意之地,幸存者丶,5+,,,
神意之地,慕容熙,5+,,,
神意之地,添音,5+,,,
神意之地,华鸟风月,5+,,,
神意之地,小早川秀秋,5+,,,
神意之地,菌菌君,5+,,,
神意之地,清莲,5+,,,
神意之地,Rinka',5+,,,
神意之地,Yk丶傲娇,5+,,,
神意之地,幻曜之蝶,5+,,,
神意之地,Nickoo,5+,,,
神意之地,踢踢,5+,,,
神意之地,英·雄,5+,,,
神意之地,舞风,5+,,,
神意之地,簿焰,5+,,,
神意之地,莆菈芙妲,5+,,,
神意之地,Jol丶月牙,5+,,,
神意之地,Nympe,5+,,,
神意之地,Zzboy,5+,,,
神意之地,岁慕天寒,5+,,,
神意之地,Roc露心,5+,,,
神意之地,显血,5+,,,
神意之地,泰达达,5+,,,
神意之地,江夏堂,5+,,,
神意之地,无念断想,5+,,,
神意之地,小鸟游丶六花,5+,,,
神意之地,Leons,5+,,,
神意之地,Shylio,5+,,,
神意之地,鸡汁土豆泥,5+,,,
神意之地,涙,5+,,,
神意之地,木瓜瓜,5+,,,
神意之地,星落,5+,,,
神意之地,拉花娜,5+,,,
神意之地,木小苗,5+,,,
神意之地,奶茶,5+,,,
神意之地,Vinnie,5+,,,
神意之地,巴尔扎克,5+,,,
神意之地,乌拉拉·乌拉,5+,,,
神意之地,创星神索菲娅,5+,,,
神意之地,自由卖薯片,5+,,,
神意之地,清风妖孽,5+,,,
神意之地,柯阿拉,5+,,,
神意之地,幻色天空,5+,,,
神意之地,鱿鱼的眼神,5+,,,
神意之地,废柴酱,5+,,,
神意之地,梦里打小熊喵,5+,,,
神意之地,Yoooo,5+,,,
神意之地,迪欧兰斯,5+,,,
神意之地,粟米,5+,,,
神意之地,春日井春日,5+,,,
神意之地,爱掉毛的猫,5+,,,
神意之地,筱儿,5+,,,
神意之地,破碎丨魔术师,5+,,,
神意之地,彭丽援,5+,,,
神意之地,Serene,5+,,,
神意之地,元门灭轮,5+,,,
神意之地,栩喵,5+,,,
神意之地,随风飘翼,5+,,,
神意之地,淺井惠,5+,,,
神意之地,春天的绿洲,5+,,,
神意之地,Mihael,5+,,,
神意之地,露克蕾西娅,5+,,,
神意之地,Easley,5+,,,
神意之地,艾斯爱丽丝,5+,,,
神意之地,星野海己,5+,,,
神意之地,友喵a,5+,,,
神意之地,森川智之,5+,,,
神意之地,衣橱衣橱梅,5+,,,
神意之地,花京院典明,5+,,,
神意之地,Necorn,5+,,,
神意之地,鱼又丶,5+,,,
神意之地,喵孒,5+,,,
神意之地,无锋之铸,5+,,,
神意之地,Lucas·,5+,,,
神意之地,喵间污格,5+,,,
神意之地,我萌你别推我,5+,,,
神意之地,名前,5+,,,
神意之地,水井喵,5+,,,
神意之地,黑伤·,5+,,,
神意之地,Cyx,5+,,,
神意之地,明儿在议,5+,,,
神意之地,素女,5+,,,
神意之地,Nidhog,5+,,,
神意之地,渊频频渊,5+,,,
神意之地,陌君,5,,,
神意之地,病号,5,,,
神意之地,小象弓丶,5,,,
神意之地,曲奇太郎,5,,,
神意之地,柒叶樱,5,,,
神意之地,张青霜,5,,,
神意之地,喵了个呜,5,,,
神意之地,小敦,5,,,
神意之地,叶茵,5,,,
神意之地,悲冀,5,,,
神意之地,冷酷又无情,5,,,
神意之地,樱栀鱼,5,,,
神意之地,知世秋喵,5,,,
神意之地,羊踹玉兔,5,,,
神意之地,没充钱照样玩,5,,,
神意之地,小樱知秋,5,,,
神意之地,谟銘,5,,,
神意之地,玲沧沐风,5,,,
神意之地,不二君,5,,,
神意之地,双马尾欧豆豆,5,,,
神意之地,异瞳少女,5,,,
神意之地,御坂酱,5,,,
神意之地,Arturi,5,,,
神意之地,化魂,5,,,
神意之地,座頭,5,,,
神意之地,V·维内托,5,,,
神意之地,语风,5,,,
神意之地,早见沙织,5,,,
神意之地,我是自愿的,5,,,
神意之地,丶左翼,5,,,
神意之地,星夜,5,,,
神意之地,希爾瓦娜丝,5,,,
神意之地,阿爾托莉蕥,5,,,
神意之地,米特yx,5,,,
神意之地,小懒使不管,5,,,
神意之地,吴尘,5,,,
神意之地,斯诺维里耶,5,,,
神意之地,望月慎一郎,5,,,
神意之地,乔治安娜,5,,,
神意之地,肉搏天空,5,,,
神意之地,苍穹,5,,,
神意之地,二次元幻想,5,,,
神意之地,Five,5,,,
神意之地,九十九里滨九,5,,,
神意之地,奥丁,5,,,
神意之地,终魔神,5,,,
神意之地,春雷绣冬,5,,,
神意之地,仮虚言,5,,,
神意之地,梦醒不知归处,5,,,
神意之地,茉莉雀舌毫,5,,,
神意之地,一半微笑,5,,,
神意之地,漂漂的小萝莉,5,,,
神意之地,Akina,5,,,
神意之地,裂空之辉,5,,,
神意之地,星霜軌跡,5,,,
神意之地,夏至分么,5,,,
神意之地,Esar,5,,,
神意之地,贝嘉瑞安,5,,,
神意之地,Yuki酱,5,,,
神意之地,小小是熊控丶,5,,,
神意之地,吉原安里,5,,,
神意之地,一剑荡神源,5,,,
神意之地,叉烧包,5,,,
神意之地,墨青青,5,,,
神意之地,十里红药,5,,,
神意之地,血乷灬雪翎,5,,,
神意之地,梓珑,5,,,
神意之地,Pika,5,,,
神意之地,Gk,5,,,
神意之地,Lethe晗,5,,,
神意之地,蜜糖牛奶,5,,,
神意之地,福音之時,5,,,
神意之地,丁小白,5,,,
神意之地,赤曈,5,,,
神意之地,童话灬猫猫,5,,,
神意之地,灵灵灬,5,,,
神意之地,你的前男友,5,,,
神意之地,Mi小魂淡喵,5,,,
神意之地,雪豹,5,,,
神意之地,阿尔蒂丝,5,,,
神意之地,林霖,5,,,
神意之地,Satan旭,5,,,
神意之地,吉原诗郎,5,,,
神意之地,咚灬季枫雪糕,5,,,
神意之地,Prenp,5,,,
神意之地,蟹小懒,5,,,
神意之地,厄睿柏斯丶,5,,,
神意之地,死线之蓝,5,,,
神意之地,邪幻月,5,,,
神意之地,承丶影,5,,,
神意之地,希文的觉醒,5,,,
神意之地,Oyl丶奧芺,5,,,
神意之地,浮云的小方,5,,,
神意之地,队长为了搞基,5,,,
神意之地,裸奔汉,5,,,
神意之地,孽瞳,5,,,
神意之地,阿卯,5,,,
神意之地,郑星辰,5,,,
神意之地,雷霆·雷光,5,,,
神意之地,潮田渚,5,,,
神意之地,再见孙悟空,5,,,
神意之地,人醒梦易碎,5,,,
神意之地,玄九九,5,,,
神意之地,月殇,5,,,
神意之地,忄弗拉德三世,5,,,
神意之地,泪清寒,5,,,
神意之地,索恩,5,,,
神意之地,Glaube,5,,,
神意之地,景瑜,5,,,
神意之地,伊夫里特,5,,,
神意之地,微光丿gl丶,5,,,
神意之地,十月,5,,,
神意之地,哎吖喵,5,,,
神意之地,比企谷八番,5,,,
神意之地,代表,5,,,
神意之地,菱衹蘭度,5,,,
神意之地,奶水不够足,5,,,
神意之地,Ka雷洛te,5,,,
神意之地,柯基基,5,,,
神意之地,月影辉夜,5,,,
神意之地,灬蕉泥座人,5,,,
神意之地,Samwu,5,,,
神意之地,苍穹龙吟,5,,,
神意之地,卷成球,5,,,
神意之地,幻羽灬菟紙,5,,,
神意之地,我一米八,5,,,
神意之地,空谷落羽,5,,,
神意之地,沉寂的暗灵,5,,,
神意之地,茧墨,5,,,
神意之地,蓦·,5,,,
神意之地,祈陵,5,,,
神意之地,佩特拉,5,,,
神意之地,七月灬,5,,,
神意之地,风琊,5,,,
神意之地,滴晚,5,,,
神意之地,端午粽子,5,,,
神意之地,景俞的龍倦風,5,,,
神意之地,慕子夏,5,,,
神意之地,Erlade,5,,,
神意之地,提雅,5,,,
神意之地,兽的天空,5,,,
神意之地,暴走的奶牛,5,,,
神意之地,箭头,5,,,
神意之地,苍崖破风雷,5,,,
神意之地,月冷寒泉,5,,,
神意之地,翎渊,5,,,
神意之地,灬钥儿,5,,,
神意之地,迪迪兰塔,5,,,
神意之地,熾羽幻翼,5,,,
神意之地,流光飛儛,5,,,
神意之地,洛黎,5,,,
神意之地,Mr骑士,5,,,
神意之地,换季有杂音,5,,,
神意之地,哭什么哭,5,,,
神意之地,君陌,5,,,
神意之地,小兰儿,5,,,
神意之地,Mocha丶,5,,,
神意之地,红爸爸乀,5,,,
神意之地,莫提,5,,,
神意之地,妮可妮,5,,,
神意之地,萌丶祈月,5,,,
神意之地,阿式,5,,,
神意之地,血色小舞,5,,,
神意之地,喵叁仨,5,,,
神意之地,Kenny丶,5,,,
神意之地,圣晶石,5,,,
神意之地,波多奶大力丶,5,,,
神意之地,托利,5,,,
神意之地,穗乃果,5,,,
神意之地,耶路撒冷ll,5,,,
神意之地,布丁鼠,5,,,
神意之地,风星,5,,,
神意之地,星見澪,5,,,
神意之地,瞄,5,,,
神意之地,Chinka,5,,,
神意之地,毒奶粉酱,5,,,
神意之地,海飞丝,5,,,
神意之地,清扬,5,,,
神意之地,蜜柑雪莉,5,,,
神意之地,一个萝莉控,5,,,
神意之地,Cebrus,5,,,
神意之地,岛村卯月,5,,,
神意之地,再恋一春丶,5,,,
神意之地,孤家寡哥,5,,,
神意之地,神乐耶,5,,,
神意之地,繁水不古,5,,,
神意之地,崔弟的盾墙,5,,,
神意之地,云浅霜,5,,,
神意之地,缇欧·普拉托,5,,,
神意之地,小穹,5,,,
神意之地,時間近,5,,,
神意之地,Luxury,5,,,
神意之地,鏡,5,,,
神意之地,堀京子,5,,,
神意之地,Kurisu,5,,,
神意之地,北慕城南丶,5,,,
神意之地,Einar,5,,,
神意之地,Masa君,5,,,
神意之地,鬼月丶姬,5,,,
神意之地,爱凑热闹的人,5,,,
神意之地,雅絵,5,,,
神意之地,瑜光,5,,,
神意之地,企鹅酷酷,5,,,
神意之地,优吉欧,5,,,
神意之地,Ovo,5,,,
神意之地,如若时光回转,5,,,
神意之地,零之路西法,5,,,
神意之地,洛洛洛诺克,5,,,
神意之地,麟鵺,5,,,
神意之地,米卡艾利斯,5,,,
神意之地,Toya丶,5,,,
神意之地,月流烟渚,5,,,
神意之地,大空·纳兹,5,,,
神意之地,金手党流年,5,,,
神意之地,费茵,5,,,
神意之地,魔式甜点,5,,,
神意之地,大朵大朵棉花,5,,,
神意之地,菟丝花,5,,,
神意之地,拉瑞里弗,5,,,
神意之地,失足少年呀,5,,,
神意之地,杯水,5,,,
神意之地,尘兮,5,,,
神意之地,Durrie,5,,,
神意之地,岚岫,5,,,
神意之地,陨丶尤斯迪卡,5,,,
神意之地,Corvus,5,,,
神意之地,Pepper,5,,,
神意之地,Xhfake,5,,,
神意之地,塞拉之意,5,,,
神意之地,寄叶二号e型,5,,,
神意之地,Numbai,5,,,
神意之地,夕尘如风,5,,,
神意之地,鬼丸国纲,5,,,
神意之地,萨缪尔,5,,,
神意之地,Maruu,5,,,
神意之地,北冥有年,5,,,
神意之地,S如s愿s,5,,,
神意之地,灬小明,5,,,
神意之地,沙裏貝爾,5,,,
神意之地,沈笑白,5,,,
神意之地,Nyako,5,,,
神意之地,寻屿,5,,,
神意之地,葺琦柒,5,,,
神意之地,奶油团子,5,,,
神意之地,E·祈祈祈幕,5,,,
神意之地,觉恋心,5,,,
神意之地,浅滩的冬茶,5,,,
神意之地,逸·聂,5,,,
神意之地,夜雨声繁,5,,,
神意之地,风见幽华,5,,,
神意之地,安托瓦内特,5,,,
神意之地,小黑白,5,,,
神意之地,柯蒂麗亞,5,,,
神意之地,Pipa丘酱,5,,,
神意之地,北白川团子,5,,,
神意之地,斩空沧影,5,,,
神意之地,樱井亚衣,5,,,
神意之地,樱小路朝日,5,,,
神意之地,Draque,5,,,
神意之地,Killia,5,,,
神意之地,狼白,4,,,
神意之地,债多不愁桑,4,,,
神意之地,青之梅伊比斯,4,,,
神意之地,熙懿,4,,,
神意之地,緋色星空,4,,,
神意之地,丁一,4,,,
神意之地,格里诺·,4,,,
神意之地,四边形量产型,3,,,
神意之地,蕐麗謝幕,3,,,
神意之地,偶内sama,3,,,
神意之地,星晔,3,,,
神意之地,千曦晓慕,3,,,
神意之地,U那那酱,3,,,
神意之地,叶三闲,3,,,
神意之地,幻云,3,,,
神意之地,阿景,3,,,
神意之地,天草筱,3,,,
神意之地,華鳥风月,2,,,
神意之地,溪闻乐间,2,,,
神意之地,枪舞之乱射,2,,,
神意之地,鸡汁喵,2,,,
神意之地,丶罢笔,2,,,
神意之地,月舞枫,2,,,
神意之地,浅挚半离兮丶,2,,,
神意之地,红月·卡莲,2,,,
神意之地,罗伊·马斯坦,2,,,
神意之地,图图柰恩,1,,,
神意之地,玖拾玖,1,,,
神意之地,排骨年糕,1,,,
神意之地,筱琳丶托璐,1,,,
神意之地,牧野流雲,1,,,
神意之地,风痕,1,,,
神意之地,洛大雨,1,,,
神意之地,布鲁,1,,,
神意之地,繁花血景·,1,,,
神意之地,西格弗里德,1,,,
神意之地,雾夜丶桃源,1,,,
神意之地,伊丽莎白斯,1,,,
神意之地,空哥,1,,,
神意之地,英吉利斯,1,,,
神意之地,Ankh,1,,,
神意之地,芝士,1,,,
神意之地,Wualex,1,,,
神意之地,剑与玫瑰i,1,,,
神意之地,水上麻衣,1,,,
神意之地,Vien,1,,,
神意之地,Akashi,1,,,
神意之地,镜里,1,,,
神意之地,鲁鲁提亚,1,,,
神意之地,翱翔的幸运e,1,,,
神意之地,如人饮水,1,,,
神意之地,华华,1,,,
神意之地,离逝丶我,1,,,
神意之地,秋天的秋,1,,,
神意之地,八咫乌,1,,,
神意之地,茉琰翎雪,1,,,
神意之地,月咏小萌,1,,,
神意之地,月无梦,1,,,
摩杜纳,利欧路,5+,,,
摩杜纳,水羽墨鱼,5+,,,
摩杜纳,口怜的逗留君,5+,,,
摩杜纳,好在意,5+,,,
摩杜纳,你能抓到我吗,5+,,,
摩杜纳,海文穹,5+,,,
摩杜纳,泽斐洛斯,5+,,,
摩杜纳,Sale,5+,,,
摩杜纳,希尔维娜,5+,,,
摩杜纳,Sole丶寒,5+,,,
摩杜纳,刀藤绮凛,5+,,,
摩杜纳,阿布德尔,5+,,,
摩杜纳,Rbbbbb,5+,,,
摩杜纳,小杰杰,5+,,,
摩杜纳,勿忘丶小时楽,5+,,,
摩杜纳,博丽馒头,5+,,,
摩杜纳,红莲业火,5+,,,
摩杜纳,神田真白,5+,,,
摩杜纳,晓月之诗,5+,,,
摩杜纳,乔乔喵,5+,,,
摩杜纳,Djnmh,5+,,,
摩杜纳,筱馨月,5+,,,
摩杜纳,风萤月,5+,,,
摩杜纳,Hadboy,5+,,,
摩杜纳,刀妹一生推,5+,,,
摩杜纳,丶晴天,5+,,,
摩杜纳,Corail,5+,,,
摩杜纳,惟訾,5+,,,
摩杜纳,河异,5+,,,
摩杜纳,一念,5+,,,
摩杜纳,你制杖吗,5+,,,
摩杜纳,竹内美园,5+,,,
摩杜纳,原纯,5+,,,
摩杜纳,凱因·海溫德,5+,,,
摩杜纳,班伊,5+,,,
摩杜纳,飛影,5+,,,
摩杜纳,巴特洛喵,5+,,,
摩杜纳,柒貝儿,5+,,,
摩杜纳,灵光一白,5+,,,
摩杜纳,星嘉白雪,5+,,,
摩杜纳,卡尔特·丹羽,5+,,,
摩杜纳,布莱恩布莱特,5+,,,
摩杜纳,欧根欧根欧,5+,,,
摩杜纳,Senri,5+,,,
摩杜纳,蒙奇d路飞,5+,,,
摩杜纳,追逝,5+,,,
摩杜纳,术神丶再临,5+,,,
摩杜纳,Faine丶,5+,,,
摩杜纳,水洵,5+,,,
摩杜纳,天国之殇,5+,,,
摩杜纳,涩晴丶兰煮波,5+,,,
摩杜纳,Colin丶,5+,,,
摩杜纳,跳打膝郭小四,5+,,,
摩杜纳,南蛋蛋,5+,,,
摩杜纳,瓦露露,5+,,,
摩杜纳,南酱在哪里,5+,,,
摩杜纳,库利亚西昂,5+,,,
摩杜纳,星痕小咘叮,5+,,,
摩杜纳,石堯山,5+,,,
摩杜纳,南宫那月,5+,,,
摩杜纳,米岚达喵,5+,,,
摩杜纳,Diana,5+,,,
摩杜纳,Tirams,5+,,,
摩杜纳,萌天天丶,5+,,,
摩杜纳,木白寺,5+,,,
摩杜纳,喵呜喵呜喵呜,5+,,,
摩杜纳,二狗剩,5+,,,
摩杜纳,歌,5+,,,
摩杜纳,莫莫菲尔·琳,5+,,,
摩杜纳,御船流子,5+,,,
摩杜纳,小林康娜,5+,,,
摩杜纳,灬狼魂,5+,,,
摩杜纳,桃喰绮罗莉,5+,,,
摩杜纳,Trumsy,5+,,,
摩杜纳,氵告贤,5+,,,
摩杜纳,倾析,5+,,,
摩杜纳,依克希爾,5+,,,
摩杜纳,脆脆砂,5+,,,
摩杜纳,红色恶魔,5+,,,
摩杜纳,一方通行,5+,,,
摩杜纳,Chelly,5+,,,
摩杜纳,塞尔维娜,5+,,,
摩杜纳,Cai丿混谈,5+,,,
摩杜纳,澤城美雪,5+,,,
摩杜纳,星魂灬微,5+,,,
摩杜纳,轩辕少羽,5+,,,
摩杜纳,髅髅宫歌留多,5+,,,
摩杜纳,Yakira,5+,,,
摩杜纳,Nero,5+,,,
摩杜纳,灵晴,5+,,,
摩杜纳,胖饼饼,5+,,,
摩杜纳,亚莉安罗德,5+,,,
摩杜纳,鱼塘总裁丶,5+,,,
摩杜纳,Dysley,5+,,,
摩杜纳,饭团酱,5+,,,
摩杜纳,盐烧肥咸鱼,5+,,,
摩杜纳,大狗东南吠,5+,,,
摩杜纳,阿格莉娅斯,5+,,,
摩杜纳,鵺鵼,5+,,,
摩杜纳,姐崎宁宁,5+,,,
摩杜纳,慕容焉,5+,,,
摩杜纳,不知所措,5+,,,
摩杜纳,Guuuuu,5+,,,
摩杜纳,霍克,5+,,,
摩杜纳,京极堂秋彦,5+,,,
摩杜纳,坑坑,5+,,,
摩杜纳,哀悼,5+,,,
摩杜纳,白糖糕,5+,,,
摩杜纳,凯尔海德,5+,,,
摩杜纳,鲁鲁提亚,5+,,,
摩杜纳,落日映苍穹,5+,,,
摩杜纳,绘丶梨衣,5+,,,
摩杜纳,Leevin,5+,,,
摩杜纳,欧闲闲,5+,,,
摩杜纳,七里,5+,,,
摩杜纳,樂不思蜀,5+,,,
摩杜纳,鱿魚,5+,,,
摩杜纳,月花镜,5+,,,
摩杜纳,克鲁莫莫,5+,,,
摩杜纳,王璐璐,5+,,,
摩杜纳,夏天天,5+,,,
摩杜纳,艾默里克·德,5+,,,
摩杜纳,荒川野菊,5+,,,
摩杜纳,Abe,5+,,,
摩杜纳,Leech,5+,,,
摩杜纳,Davy琼斯,5+,,,
摩杜纳,Ignoeh,5+,,,
摩杜纳,微冰茉莉,5+,,,
摩杜纳,小汤汤圆,5+,,,
摩杜纳,来栖暁丶,5+,,,
摩杜纳,手残又网卡,5+,,,
摩杜纳,夜久,5+,,,
摩杜纳,式斯大大,5+,,,
摩杜纳,Livia,5+,,,
摩杜纳,Wspyw,5+,,,
摩杜纳,丅丶丅,5+,,,
摩杜纳,子安武人,5+,,,
摩杜纳,蓮丶阿修貝爾,5+,,,
摩杜纳,冷光,5+,,,
摩杜纳,榴莲味小小酥,5+,,,
摩杜纳,杉原音,5+,,,
摩杜纳,瓦尼塔斯,5+,,,
摩杜纳,潘潘潘,5+,,,
摩杜纳,腿石型歌姬,5+,,,
摩杜纳,绯凉凉,5+,,,
摩杜纳,猫六岁,5+,,,
摩杜纳,索可萨尔,5+,,,
摩杜纳,月光下的呢喃,5+,,,
摩杜纳,井伊,5+,,,
摩杜纳,巧克力·,5+,,,
摩杜纳,逆de界点,5+,,,
摩杜纳,Shad,5+,,,
摩杜纳,祈月见黑,5+,,,
摩杜纳,Fay丶,5+,,,
摩杜纳,小糖豆,5+,,,
摩杜纳,V丶怪客,5+,,,
摩杜纳,乌里尔克,5+,,,
摩杜纳,抖m的月亮,5,,,
摩杜纳,佐倉雙葉,5,,,
摩杜纳,艾莉麦克道尔,5,,,
摩杜纳,冷夜,5,,,
摩杜纳,耶梦·约书亚,5,,,
摩杜纳,圆神降临,5,,,
摩杜纳,Gustav,5,,,
摩杜纳,杰洛士,5,,,
摩杜纳,谢伊·寇马克,5,,,
摩杜纳,希鲁达,5,,,
摩杜纳,熊熊是球,5,,,
摩杜纳,法雷爾,5,,,
摩杜纳,浅羽疾风,5,,,
摩杜纳,清蒸大清,5,,,
摩杜纳,迷雾迷了路,5,,,
摩杜纳,神成亜璃子,5,,,
摩杜纳,如月伸太郎,5,,,
摩杜纳,黑色狐狸,5,,,
摩杜纳,虥猫,5,,,
摩杜纳,Bewish,5,,,
摩杜纳,丫丫小丸子,5,,,
摩杜纳,绵绵思远道,5,,,
摩杜纳,劍魔風,5,,,
摩杜纳,克氏原螯虾,5,,,
摩杜纳,欲望,5,,,
摩杜纳,杰德斯,5,,,
摩杜纳,Xfd丶爪子,5,,,
摩杜纳,毛毛呼,5,,,
摩杜纳,犽犽,5,,,
摩杜纳,Asaku,5,,,
摩杜纳,叫我m酱,5,,,
摩杜纳,芝士慕斯,5,,,
摩杜纳,八百万芭夯兔,5,,,
摩杜纳,喵爸,5,,,
摩杜纳,江空不渡,5,,,
摩杜纳,夜丶微澜,5,,,
摩杜纳,菲莉娅,5,,,
摩杜纳,Z丶milk,5,,,
摩杜纳,橘酿小圆子,5,,,
摩杜纳,椎名篝,5,,,
摩杜纳,小野妹子,5,,,
摩杜纳,葛溫德林,5,,,
摩杜纳,诺伊兹,5,,,
摩杜纳,桃矢,5,,,
摩杜纳,星骸,5,,,
摩杜纳,什科塔,5,,,
摩杜纳,邦加,5,,,
摩杜纳,Schoko,5,,,
摩杜纳,英格拉姆,5,,,
摩杜纳,里会,5,,,
摩杜纳,夏初之初,5,,,
摩杜纳,蘭丸,5,,,
摩杜纳,眼镜星人,5,,,
摩杜纳,笙歌漫舞,5,,,
摩杜纳,塞茜莉娅,5,,,
摩杜纳,伊人晓芝,5,,,
摩杜纳,鸟之诗,5,,,
摩杜纳,星猫,5,,,
摩杜纳,一粒尘埃,5,,,
摩杜纳,Aki醤,5,,,
摩杜纳,君且莫笑,5,,,
摩杜纳,Nelo丶,5,,,
摩杜纳,贝露赛布布,5,,,
摩杜纳,夏初微露,5,,,
摩杜纳,手滑猫,5,,,
摩杜纳,神姬·奈奈丿,5,,,
摩杜纳,Ho萌大奶,5,,,
摩杜纳,Ragna,5,,,
摩杜纳,此物最相思,5,,,
摩杜纳,苍岚de風,5,,,
摩杜纳,密尔德斯瑞斯,5,,,
摩杜纳,寂寞指流年,5,,,
摩杜纳,亚妃娜,5,,,
摩杜纳,Ice君,5,,,
摩杜纳,雲神,5,,,
摩杜纳,藤香,5,,,
摩杜纳,拉斯贝尔,5,,,
摩杜纳,爪,5,,,
摩杜纳,终焉唯曲丶,5,,,
摩杜纳,六十四,5,,,
摩杜纳,八百万牛奶糖,5,,,
摩杜纳,水無月,5,,,
摩杜纳,克雷西的慈悲,5,,,
摩杜纳,和也,5,,,
摩杜纳,乐园的巫女,5,,,
摩杜纳,何度青空,5,,,
摩杜纳,芒果碎碎冰,5,,,
摩杜纳,光之戦士,5,,,
摩杜纳,巴尔德西特,5,,,
摩杜纳,夏亜,5,,,
摩杜纳,古手梨花大人,5,,,
摩杜纳,生姜鱼饼猫球,5,,,
摩杜纳,蕾米酱,5,,,
摩杜纳,罗兰,5,,,
摩杜纳,木榽,5,,,
摩杜纳,古玉残魂,5,,,
摩杜纳,哇,5,,,
摩杜纳,狐狸啊呜,5,,,
摩杜纳,猫车娘,5,,,
摩杜纳,落暮,5,,,
摩杜纳,艾雷诺雅,5,,,
摩杜纳,兰迪,5,,,
摩杜纳,傀儡,5,,,
摩杜纳,豪大大,5,,,
摩杜纳,一叶一天堂,5,,,
摩杜纳,白银鹿奈奈,5,,,
摩杜纳,谱曲逝红颜,5,,,
摩杜纳,一叶之蓝,5,,,
摩杜纳,幽灵de星,5,,,
摩杜纳,神殺塞利卡,5,,,
摩杜纳,撸撸侠,5,,,
摩杜纳,Sara,5,,,
摩杜纳,百代,5,,,
摩杜纳,五十岚千晶,5,,,
摩杜纳,风翔万里,5,,,
摩杜纳,神秘丶小霸,5,,,
摩杜纳,夕何年,5,,,
摩杜纳,北燐,5,,,
摩杜纳,孤独化石,5,,,
摩杜纳,Yuki丶喵,5,,,
摩杜纳,萌萝莉桃子,5,,,
摩杜纳,殁境风暴,5,,,
摩杜纳,卡诺诺,5,,,
摩杜纳,罗洁爱尔,5,,,
摩杜纳,夏亞,5,,,
摩杜纳,倾城梦,5,,,
摩杜纳,小空同学,5,,,
摩杜纳,雕刻记忆,5,,,
摩杜纳,清水茗心,5,,,
摩杜纳,Pawn丶,5,,,
摩杜纳,宫地龙之介,5,,,
摩杜纳,莜喵,5,,,
摩杜纳,奥格斯丁,5,,,
摩杜纳,丶若水,5,,,
摩杜纳,超,5,,,
摩杜纳,嘘月,5,,,
摩杜纳,Trevor,5,,,
摩杜纳,尤娜·,5,,,
摩杜纳,春埼美空,5,,,
摩杜纳,虓虎,5,,,
摩杜纳,Zzq,5,,,
摩杜纳,谜谜谜谜谜,5,,,
摩杜纳,格蕾l娅娅,5,,,
摩杜纳,格里诺,5,,,
摩杜纳,悸动指尖灵动,5,,,
摩杜纳,安可,5,,,
摩杜纳,彼斯克特,5,,,
摩杜纳,不是假发是桂,5,,,
摩杜纳,深秋,5,,,
摩杜纳,佐倉双葉,5,,,
摩杜纳,黑木场,5,,,
摩杜纳,歌鳥風月,5,,,
摩杜纳,Amsan,5,,,
摩杜纳,Mofan,5,,,
摩杜纳,柴郡喵,5,,,
摩杜纳,阿斯顿蔷薇,5,,,
摩杜纳,枕,5,,,
摩杜纳,宝子路,5,,,
摩杜纳,雪恋玉缘,5,,,
摩杜纳,左航,5,,,
摩杜纳,格温多琳,5,,,
摩杜纳,希尔威亚,5,,,
摩杜纳,猪拱了好白菜,5,,,
摩杜纳,初代斩铁剑,5,,,
摩杜纳,純黑琉璃喵,5,,,
摩杜纳,踏歌行,5,,,
摩杜纳,兔礼丝,5,,,
摩杜纳,童物刺,5,,,
摩杜纳,桜塚星史郎,5,,,
摩杜纳,里恩施瓦泽,5,,,
摩杜纳,波伊塔塔,5,,,
摩杜纳,苍顔,5,,,
摩杜纳,Iyorny,5,,,
摩杜纳,伊小崔,5,,,
摩杜纳,真正的波尔卡,5,,,
摩杜纳,Yumee,5,,,
摩杜纳,卡爾,5,,,
摩杜纳,夜月立月与毛,5,,,
摩杜纳,柯络,5,,,
摩杜纳,Starry,5,,,
摩杜纳,库莉帕,5,,,
摩杜纳,霖之助乡长,5,,,
摩杜纳,沙里贝尔,5,,,
摩杜纳,星辰风沙,5,,,
摩杜纳,Flro,5,,,
摩杜纳,大好人,5,,,
摩杜纳,窗外的咸鱼,5,,,
摩杜纳,潮田渚,5,,,
摩杜纳,玄月澈,5,,,
摩杜纳,妖胤,5,,,
摩杜纳,柴犬,5,,,
摩杜纳,浅黛微微,5,,,
摩杜纳,艾斯塔,5,,,
摩杜纳,薰风的神裔,5,,,
摩杜纳,月影独酌,5,,,
摩杜纳,乄灰小萌丶,5,,,
摩杜纳,菈菲尔,5,,,
摩杜纳,八大王,5,,,
摩杜纳,浮砂,5,,,
摩杜纳,卡咔莉,5,,,
摩杜纳,真鸭子馒头,5,,,
摩杜纳,激澄,5,,,
摩杜纳,老麻抄手,5,,,
摩杜纳,私,5,,,
摩杜纳,诺亚诺,5,,,
摩杜纳,可可奈儿,5,,,
摩杜纳,永恒的瞬间,5,,,
摩杜纳,绿露露,5,,,
摩杜纳,冰谲,5,,,
摩杜纳,斯芬托斯,5,,,
摩杜纳,匂坂沙耶,5,,,
摩杜纳,参天的小短腿,5,,,
摩杜纳,诺诺丶,5,,,
摩杜纳,大尾巴狼嘎,5,,,
摩杜纳,炭烧奶茶丶,5,,,
摩杜纳,小黑桑,5,,,
摩杜纳,岸田梅尔,5,,,
摩杜纳,灰尘,5,,,
摩杜纳,狡啮慎也,5,,,
摩杜纳,简拿华路,5,,,
摩杜纳,老子是爷,5,,,
摩杜纳,鳗鳗鳗鱼鱼,5,,,
摩杜纳,曳风榛名,5,,,
摩杜纳,八云桜,5,,,
摩杜纳,麦麦麦吉克,5,,,
摩杜纳,Void,5,,,
摩杜纳,残花雕梦,5,,,
摩杜纳,图图图图雷,5,,,
摩杜纳,夏诺·冯,5,,,
摩杜纳,未斷奶,5,,,
摩杜纳,执笔绘流年,5,,,
摩杜纳,雛咲夕莉,5,,,
摩杜纳,伴星,5,,,
摩杜纳,風,5,,,
摩杜纳,菌菇酱,5,,,
摩杜纳,惑,5,,,
摩杜纳,樱翎,5,,,
摩杜纳,陆行鸟王子,5,,,
摩杜纳,理奈,5,,,
摩杜纳,弥赛亞,5,,,
摩杜纳,月吟,5,,,
摩杜纳,莉莉鲸,5,,,
摩杜纳,莫圭也·本我,5,,,
摩杜纳,小锦锦锦锦锦,5,,,
摩杜纳,帅帅小龙骑丶,5,,,
摩杜纳,干物型小埋,5,,,
摩杜纳,楪祈食蜂,5,,,
摩杜纳,Isaac丶,5,,,
摩杜纳,槑,5,,,
摩杜纳,幽若冰心,5,,,
摩杜纳,小飯盆兒能吃,5,,,
摩杜纳,熙洛酱,5,,,
摩杜纳,宵黯花火,5,,,
摩杜纳,雨兮还很单纯,5,,,
摩杜纳,Flandr,5,,,
摩杜纳,高坂穗乃果舔,5,,,
摩杜纳,往人yuki,5,,,
摩杜纳,古明地灬觉,5,,,
摩杜纳,捂颈战士,5,,,
摩杜纳,撕比猫,5,,,
摩杜纳,Maus,5,,,
摩杜纳,桃花侠丶,5,,,
摩杜纳,秋葉,5,,,
摩杜纳,小菜鷄丶,5,,,
摩杜纳,石斛兰,5,,,
摩杜纳,澳门首家赌场,5,,,
摩杜纳,开阳星,5,,,
摩杜纳,秋竹一梦,5,,,
摩杜纳,影梦,5,,,
摩杜纳,御冷弥迦,5,,,
摩杜纳,Kyouma,5,,,
摩杜纳,主,5,,,
摩杜纳,一丁mo,5,,,
摩杜纳,小刺猬,5,,,
摩杜纳,Yukaka,5,,,
摩杜纳,臻惜,5,,,
摩杜纳,菲利斯多,5,,,
摩杜纳,贝尔罗泽曼,5,,,
摩杜纳,上杉達也,5,,,
摩杜纳,洛尔伊,5,,,
摩杜纳,亦如云熙,5,,,
摩杜纳,诗酒醉年华,5,,,
摩杜纳,白洛君,5,,,
摩杜纳,Rory,5,,,
摩杜纳,圭亚,5,,,
摩杜纳,蕾芙妮梅扎蘭,5,,,
摩杜纳,团子酱丷,5,,,
摩杜纳,噗叽,5,,,
摩杜纳,Fat,5,,,
摩杜纳,氿洵淼淼,5,,,
摩杜纳,罗恩格林,5,,,
摩杜纳,动感阿呆,5,,,
摩杜纳,月悠卡之,5,,,
摩杜纳,Moge子,5,,,
摩杜纳,爱慕妮亚,5,,,
摩杜纳,远藤梨乃,5,,,
摩杜纳,色彩,5,,,
摩杜纳,甜心小权权,5,,,
摩杜纳,蕾妮雅,5,,,
摩杜纳,Chriss,5,,,
摩杜纳,私丨念,5,,,
摩杜纳,瑟卢多,5,,,
摩杜纳,央,5,,,
摩杜纳,学徒型歌姬,5,,,
摩杜纳,吃土少女阿欢,5,,,
摩杜纳,Korai,5,,,
摩杜纳,夜天光,5,,,
摩杜纳,粟田口鳴狐,5,,,
摩杜纳,岚家小唯,5,,,
摩杜纳,三木生贄,5,,,
摩杜纳,透明的抹茶君,5,,,
摩杜纳,炎桑z,5,,,
摩杜纳,Vriss,5,,,
摩杜纳,风芷,5,,,
摩杜纳,轻言丶,5,,,
摩杜纳,Kiss卿,5,,,
摩杜纳,暝之啊,5,,,
摩杜纳,風坂,5,,,
摩杜纳,八代让叶,5,,,
摩杜纳,归迟片翼,5,,,
摩杜纳,苏西,5,,,
摩杜纳,佐藤达广,5,,,
摩杜纳,Sano,5,,,
摩杜纳,成濑澪,5,,,
摩杜纳,芙坦绿露,4,,,
摩杜纳,凤凰院胸针,4,,,
摩杜纳,德拉赫,4,,,
摩杜纳,霓虹的小熊,4,,,
摩杜纳,十六夜,3,,,
摩杜纳,Agato,3,,,
摩杜纳,一个橘子,3,,,
摩杜纳,苏唐,3,,,
摩杜纳,可露露,3,,,
摩杜纳,书山,3,,,
摩杜纳,一颗奶糖,3,,,
摩杜纳,玉藻前丶,3,,,
摩杜纳,虞美人的山坡,3,,,
摩杜纳,泠可,3,,,
摩杜纳,奥尔科特,3,,,
摩杜纳,拉比拉尔,3,,,
摩杜纳,Cloud丨,3,,,
摩杜纳,梅桐天土,3,,,
摩杜纳,黑咲芽亚,2,,,
摩杜纳,和泉紗霧,2,,,
摩杜纳,霜·法芙娜,2,,,
摩杜纳,笛笛,2,,,
摩杜纳,饼酱,2,,,
摩杜纳,妮亞,2,,,
摩杜纳,我的名字不长,2,,,
摩杜纳,伊尔奎茵,2,,,
摩杜纳,Cygnus,2,,,
摩杜纳,舞丶卿沁沁,2,,,
摩杜纳,遗世理想郷,2,,,
摩杜纳,Ikusan,2,,,
摩杜纳,艾修恩,2,,,
摩杜纳,疯帽子,2,,,
摩杜纳,Nyanta,2,,,
摩杜纳,Salva,2,,,
摩杜纳,蹦蹦欻,2,,,
摩杜纳,塔塔洛斯,2,,,
摩杜纳,荒倻宗莲,2,,,
摩杜纳,瑞多拉,2,,,
摩杜纳,薄荷喵dtx,2,,,
摩杜纳,樱内梨子,2,,,
摩杜纳,此情可待,2,,,
摩杜纳,不好吃,2,,,
摩杜纳,試作弍型,2,,,
摩杜纳,阿斯托尔·福,2,,,
摩杜纳,库布里克,2,,,
摩杜纳,逆光清寒,2,,,
摩杜纳,Ayano,1,,,
摩杜纳,高岭爱花,1,,,
摩杜纳,卡扎西隆,1,,,
摩杜纳,七夕鸾,1,,,
摩杜纳,炎叶乱舞,1,,,
摩杜纳,Rozen,1,,,
摩杜纳,弧光,1,,,
摩杜纳,耶梦伽德,1,,,
摩杜纳,Cyrene,1,,,
摩杜纳,安娜贝尔,1,,,
摩杜纳,香草法布奇诺,1,,,
摩杜纳,小花生,1,,,
摩杜纳,娱樂的小跟班,1,,,
摩杜纳,长门有希化身,1,,,
摩杜纳,Nekoko,1,,,
摩杜纳,星木,1,,,
摩杜纳,流浪de旋风,1,,,
摩杜纳,这是水的力量,1,,,
摩杜纳,尼乌,1,,,
摩杜纳,九九玖玖,1,,,
摩杜纳,张乐乐,1,,,
摩杜纳,Hotaru,1,,,
摩杜纳,青音,1,,,
摩杜纳,白林林,1,,,
摩杜纳,小好歌的曦曦,1,,,
摩杜纳,重度猫控病患,1,,,
摩杜纳,多兰纳尔,1,,,
摩杜纳,吉尔蒙德,1,,,
摩杜纳,丶紫夜听雨,1,,,
摩杜纳,饭桶,1,,,
摩杜纳,孤舟,1,,,
摩杜纳,Ccc,1,,,
摩杜纳,奶猹丶,1,,,
摩杜纳,Maybis,1,,,
摩杜纳,Zizak蔚,1,,,
摩杜纳,子鲲,1,,,
摩杜纳,直死的口水,1,,,
摩杜纳,Fay·,1,,,
摩杜纳,夏沫研,1,,,
摩杜纳,堕落无心,1,,,
摩杜纳,爱米莉亚,1,,,
摩杜纳,芮文,1,,,
摩杜纳,不愉快的素,1,,,
摩杜纳,艾利西娅,1,,,
摩杜纳,月月月月月,1,,,
摩杜纳,Hivlad,1,,,
萌芽池,丿cc默笙,5+,,,
萌芽池,洛连,5+,,,
萌芽池,淡述惜日,5+,,,
萌芽池,小羚羊,5+,,,
萌芽池,镜·,5+,,,
萌芽池,趴趴沙,5+,,,
萌芽池,Top丿小样,5+,,,
萌芽池,袴田日向,5+,,,
萌芽池,莲·赤月,5+,,,
萌芽池,丨丶飘柔灬,5+,,,
萌芽池,猫七七,5+,,,
萌芽池,精灵的胡须,5+,,,
萌芽池,Ze,5+,,,
萌芽池,灼眼的讨伐者,5+,,,
萌芽池,幻之翼,5+,,,
萌芽池,若笑然,5+,,,
萌芽池,南宫燚,5+,,,
萌芽池,Asuka·,5+,,,
萌芽池,O'cnel,5+,,,
萌芽池,魂牵梦萦,5+,,,
萌芽池,羽化林芝,5+,,,
萌芽池,朝颜,5+,,,
萌芽池,橘右京丶,5+,,,
萌芽池,决,5+,,,
萌芽池,划水学者,5+,,,
萌芽池,Raye,5+,,,
萌芽池,Prhett,5+,,,
萌芽池,第一次想到你,5+,,,
萌芽池,暮丶可可,5+,,,
萌芽池,A夜色琉璃,5+,,,
萌芽池,阿哲尔,5+,,,
萌芽池,伊恩·林呵呵,5+,,,
萌芽池,喜多村血蹄,5+,,,
萌芽池,火舞傲天,5+,,,
萌芽池,雪莉·布兰蒂,5+,,,
萌芽池,凑斗景明,5+,,,
萌芽池,红狼丶,5+,,,
萌芽池,Mavis·,5+,,,
萌芽池,噴上裕也,5+,,,
萌芽池,······,5+,,,
萌芽池,来治猩猩的你,5+,,,
萌芽池,解谜师,5+,,,
萌芽池,如月千早,5+,,,
萌芽池,殇璃月,5+,,,
萌芽池,军神灬朱雀,5+,,,
萌芽池,Shire,5+,,,
萌芽池,迪奥·布兰度,5+,,,
萌芽池,午后抹抹茶,5+,,,
萌芽池,纳纳熊,5+,,,
萌芽池,蕾莉安娜,5+,,,
萌芽池,睡不醒的死猫,5+,,,
萌芽池,Mirror,5+,,,
萌芽池,鹧鸪,5+,,,
萌芽池,凯因乄,5+,,,
萌芽池,米鲁威达,5+,,,
萌芽池,峰岛由宇,5+,,,
萌芽池,諷灬殇,5+,,,
萌芽池,番茄mato,5+,,,
萌芽池,夜月笙歌丶,5+,,,
萌芽池,霜烨,5+,,,
萌芽池,迪卡普莉,5+,,,
萌芽池,月下黑鸫,5+,,,
萌芽池,Anty,5+,,,
萌芽池,月光下的色猫,5+,,,
萌芽池,篠田,5+,,,
萌芽池,憨虎,5+,,,
萌芽池,莫邪丶天星,5+,,,
萌芽池,塔塔若,5+,,,
萌芽池,墨離丶,5+,,,
萌芽池,游里子,5+,,,
萌芽池,小号茄子,5+,,,
萌芽池,乐乐的天空,5+,,,
萌芽池,樱庭玉藻丶,5+,,,
萌芽池,朵朵奇葩蹦恰,5+,,,
萌芽池,校仓必,5+,,,
萌芽池,七步成湿,5+,,,
萌芽池,囧囧,5+,,,
萌芽池,十神白夜,5+,,,
萌芽池,Chenz,5+,,,
萌芽池,比萝蒂丝,5+,,,
萌芽池,龍小嘉,5+,,,
萌芽池,高野漣,5+,,,
萌芽池,魂魄妖妖夢,5+,,,
萌芽池,Kate,5+,,,
萌芽池,夏星,5+,,,
萌芽池,忆寒,5+,,,
萌芽池,胡瑟·艾利克,5+,,,
萌芽池,西园寺白,5+,,,
萌芽池,石锅拌饭,5+,,,
萌芽池,水煮小白鲟,5+,,,
萌芽池,叶落无声,5+,,,
萌芽池,哈曼卡恩,5+,,,
萌芽池,万物的终焉,5+,,,
萌芽池,卢缪,5+,,,
萌芽池,Asayo,5+,,,
萌芽池,千古花尽落丶,5+,,,
萌芽池,菲爾,5+,,,
萌芽池,伊加贝拉,5+,,,
萌芽池,Yee,5+,,,
萌芽池,樹影婆娑,5+,,,
萌芽池,·彗星·,5+,,,
萌芽池,蹦哒,5+,,,
萌芽池,鈴蘭的輕風,5+,,,
萌芽池,Azura丶,5+,,,
萌芽池,丷静静丷,5+,,,
萌芽池,Miku丶,5+,,,
萌芽池,Noru,5+,,,
萌芽池,墨雨成秋,5+,,,
萌芽池,坂本龍司,5+,,,
萌芽池,中二的小学生,5+,,,
萌芽池,默克莱恩,5+,,,
萌芽池,Akumak,5+,,,
萌芽池,一半星辰丶,5+,,,
萌芽池,御影爱,5+,,,
萌芽池,夏璐,5+,,,
萌芽池,项空月月,5+,,,
萌芽池,斯汀,5+,,,
萌芽池,月华流照,5+,,,
萌芽池,自作多情,5+,,,
萌芽池,Finalf,5+,,,
萌芽池,十祀,5+,,,
萌芽池,曙光v曙离,5+,,,
萌芽池,制杖少女喵喵,5+,,,
萌芽池,木之本桃矢丶,5+,,,
萌芽池,丶风之旅人,5+,,,
萌芽池,超高中的绝望,5+,,,
萌芽池,惹人倦,5+,,,
萌芽池,十字路曉,5+,,,
萌芽池,喧哗独乐,5+,,,
萌芽池,漆黑烈焰使,5+,,,
萌芽池,灬白喵灬,5+,,,
萌芽池,芙蕾雅丶薇恩,5+,,,
萌芽池,太空战士,5+,,,
萌芽池,诺菲卡,5+,,,
萌芽池,Pushuo,5+,,,
萌芽池,晓晓君,5+,,,
萌芽池,霜月遥,5+,,,
萌芽池,加岛勇,5+,,,
萌芽池,Revan,5+,,,
萌芽池,尼尔狄兰迪,5+,,,
萌芽池,别急,5+,,,
萌芽池,Vimana,5+,,,
萌芽池,十里屠苏,5+,,,
萌芽池,疾风丶因夫曼,5+,,,
萌芽池,游王子讴歌,5+,,,
萌芽池,七叶,5+,,,
萌芽池,五月七日小羽,5+,,,
萌芽池,Piggy,5+,,,
萌芽池,夜空的精靈,5+,,,
萌芽池,歌去诗来,5+,,,
萌芽池,Cat猫大北,5+,,,
萌芽池,璐小雪,5+,,,
萌芽池,零崎萤,5+,,,
萌芽池,墨盒子,5+,,,
萌芽池,御坂美琴大人,5+,,,
萌芽池,铭泽,5+,,,
萌芽池,猎丶,5+,,,
萌芽池,羽化仙飞,5+,,,
萌芽池,奥特洛斯,5+,,,
萌芽池,奈琉,5+,,,
萌芽池,迎風佈陣,5+,,,
萌芽池,十三姬,5+,,,
萌芽池,健康发财,5+,,,
萌芽池,諾克缇斯,5+,,,
萌芽池,Gian,5+,,,
萌芽池,骑猪兜风的猫,5+,,,
萌芽池,神灬懒懒,5+,,,
萌芽池,呜咪酱,5+,,,
萌芽池,孤星锁月,5+,,,
萌芽池,绫羽梓月,5+,,,
萌芽池,黑白院清罗,5+,,,
萌芽池,冥府黑貓,5+,,,
萌芽池,皮卡露露碳,5+,,,
萌芽池,Spark,5+,,,
萌芽池,贵月一花,5+,,,
萌芽池,魂兮未染,5+,,,
萌芽池,Jugo,5+,,,
萌芽池,空月云,5+,,,
萌芽池,小桥流水人家,5+,,,
萌芽池,Gzsy,5+,,,
萌芽池,禁锢的命运,5+,,,
萌芽池,剑与玫瑰,5+,,,
萌芽池,风铃灵动,5+,,,
萌芽池,花重锦官城,5+,,,
萌芽池,Quo,5+,,,
萌芽池,白子,5+,,,
萌芽池,天琴心弦,5+,,,
萌芽池,南雪,5+,,,
萌芽池,水銀燈,5+,,,
萌芽池,晓丶猥琐,5+,,,
萌芽池,Aku,5+,,,
萌芽池,苹果软糖,5+,,,
萌芽池,Kurou,5+,,,
萌芽池,棺材里蹦迪,5+,,,
萌芽池,Yamicc,5+,,,
萌芽池,墨扉倾雪,5+,,,
萌芽池,Rrm,5+,,,
萌芽池,沧水寒,5+,,,
萌芽池,阿弥,5+,,,
萌芽池,潛水母艦大鯨,5+,,,
萌芽池,铁雪月,5+,,,
萌芽池,攮者,5+,,,
萌芽池,物质幽灵,5+,,,
萌芽池,猫侍,5+,,,
萌芽池,穗苅叶,5+,,,
萌芽池,伊佧洛斯,5+,,,
萌芽池,天允z,5+,,,
萌芽池,Repair,5+,,,
萌芽池,一筐灬大白兔,5+,,,
萌芽池,打奶要折寿的,5,,,
萌芽池,来栖暁,5,,,
萌芽池,贺开,5,,,
萌芽池,萲苏,5,,,
萌芽池,雪壳,5,,,
萌芽池,小遼歌,5,,,
萌芽池,你看不见我w,5,,,
萌芽池,朵朵菌,5,,,
萌芽池,口u口,5,,,
萌芽池,我爱吃葡萄,5,,,
萌芽池,瑾鱼,5,,,
萌芽池,R姐强无敌,5,,,
萌芽池,扎克斯,5,,,
萌芽池,白银之鸦,5,,,
萌芽池,尐丶幸運,5,,,
萌芽池,诺克忒斯,5,,,
萌芽池,落过的枯叶,5,,,
萌芽池,露娜,5,,,
萌芽池,Mr克劳德,5,,,
萌芽池,Dantet,5,,,
萌芽池,Docomo,5,,,
萌芽池,尤菲,5,,,
萌芽池,思理,5,,,
萌芽池,洛克昂,5,,,
萌芽池,神弑丶无极,5,,,
萌芽池,羽入,5,,,
萌芽池,衣,5,,,
萌芽池,喵喵喵喵,5,,,
萌芽池,东风谷早苗,5,,,
萌芽池,Kagari,5,,,
萌芽池,十六夜秋,5,,,
萌芽池,噗濮璞,5,,,
萌芽池,圣域守护者,5,,,
萌芽池,潘多拉贡,5,,,
萌芽池,零崎舞織,5,,,
萌芽池,塔塔露·塔露,5,,,
萌芽池,凋零幻灭,5,,,
萌芽池,小鸟岛游六花,5,,,
萌芽池,Rin,5,,,
萌芽池,El,5,,,
萌芽池,鵟,5,,,
萌芽池,幻想玩家,5,,,
萌芽池,阡陌wolf,5,,,
萌芽池,桜満集,5,,,
萌芽池,执掌l索拉,5,,,
萌芽池,风铃,5,,,
萌芽池,一槍穿云,5,,,
萌芽池,炸弹人,5,,,
萌芽池,风语丶黑影骑,5,,,
萌芽池,Rera,5,,,
萌芽池,结城丶五月,5,,,
萌芽池,貝拉羅納,5,,,
萌芽池,宅男战斗机,5,,,
萌芽池,时岚,5,,,
萌芽池,霧kiri,5,,,
萌芽池,洛林,5,,,
萌芽池,凪稀冥,5,,,
萌芽池,颂雪吟风,5,,,
萌芽池,恋着她爱着她,5,,,
萌芽池,枇杷,5,,,
萌芽池,樱木板牙丶,5,,,
萌芽池,伊莎贝娅,5,,,
萌芽池,喵苗秒妙,5,,,
萌芽池,祸霊梦,5,,,
萌芽池,粥小白,5,,,
萌芽池,迦尔鲁卡,5,,,
萌芽池,天天夜夜,5,,,
萌芽池,Toooy,5,,,
萌芽池,梅塞亚,5,,,
萌芽池,芒果奶昔,5,,,
萌芽池,Death,5,,,
萌芽池,弗雷,5,,,
萌芽池,苍白之炎,5,,,
萌芽池,結月緣,5,,,
萌芽池,瓦尔奥海姆,5,,,
萌芽池,Toby,5,,,
萌芽池,陆子野,5,,,
萌芽池,十稥,5,,,
萌芽池,光辉,5,,,
萌芽池,美味的拉拉肥,5,,,
萌芽池,水虫不可怕,5,,,
萌芽池,萌萌小正太,5,,,
萌芽池,Ld所罗门,5,,,
萌芽池,千本樱,5,,,
萌芽池,遥来遥去,5,,,
萌芽池,哥哥不坑,5,,,
萌芽池,一葉之秋,5,,,
萌芽池,月村真由,5,,,
萌芽池,九寸夕暮丶,5,,,
萌芽池,暖风,5,,,
萌芽池,Haruna,5,,,
萌芽池,格鲁格银,5,,,
萌芽池,洳泚可愛,5,,,
萌芽池,梦断云端,5,,,
萌芽池,巧克力酱,5,,,
萌芽池,伊尔de妮雅,5,,,
萌芽池,暮琅琊,5,,,
萌芽池,佑遇丶,5,,,
萌芽池,天妖丿舞,5,,,
萌芽池,拉拉菲尔大王,5,,,
萌芽池,月時計,5,,,
萌芽池,毕欧麦圈,5,,,
萌芽池,克拉维,5,,,
萌芽池,焱切,5,,,
萌芽池,小菟乄不乖,5,,,
萌芽池,赫·莫罗茜,5,,,
萌芽池,萍茶,5,,,
萌芽池,普利泡,5,,,
萌芽池,虚无星空,5,,,
萌芽池,貝优妮塔,5,,,
萌芽池,阕寒猫,5,,,
萌芽池,Occam,5,,,
萌芽池,凉奈伊丶,5,,,
萌芽池,凉宫春日丶,5,,,
萌芽池,夜奔,5,,,
萌芽池,若葉,5,,,
萌芽池,病娇型萌萌娜,5,,,
萌芽池,倦收天,5,,,
萌芽池,银铃白狐,5,,,
萌芽池,风倾影,5,,,
萌芽池,午餐肉罐头,5,,,
萌芽池,道化小丑丑,5,,,
萌芽池,出雲,5,,,
萌芽池,阿亚糖,5,,,
萌芽池,奥提斯,5,,,
萌芽池,呼风唤雨,5,,,
萌芽池,Rong木木,5,,,
萌芽池,莎利雅,5,,,
萌芽池,蜜恩,5,,,
萌芽池,牛角包包包,5,,,
萌芽池,达尔达尼昂,5,,,
萌芽池,烈焰朱明,5,,,
萌芽池,Sitri,5,,,
萌芽池,Virna,5,,,
萌芽池,Zerger,5,,,
萌芽池,纳尔森,5,,,
萌芽池,Ayano丶,5,,,
萌芽池,心音,5,,,
萌芽池,Halone,5,,,
萌芽池,凌紫嫣,5,,,
萌芽池,月夜的旋律,5,,,
萌芽池,豆瓣桔,5,,,
萌芽池,歼灭天使,5,,,
萌芽池,Vinner,5,,,
萌芽池,百诡烨行,5,,,
萌芽池,泰利莎,5,,,
萌芽池,正太,5,,,
萌芽池,浅弦,5,,,
萌芽池,墨殇羽,5,,,
萌芽池,和泉纱霧,5,,,
萌芽池,Accel,5,,,
萌芽池,夜雨丶微凉,5,,,
萌芽池,苏苏雪,5,,,
萌芽池,流星火雨,5,,,
萌芽池,神再现人间,5,,,
萌芽池,初梦倾心,5,,,
萌芽池,国风小雅,5,,,
萌芽池,赛米菈米斯,5,,,
萌芽池,紫藤月詠,5,,,
萌芽池,银子,5,,,
萌芽池,死刑,5,,,
萌芽池,傲雪飞狼,5,,,
萌芽池,Kiruto,5,,,
萌芽池,爱与感谢,5,,,
萌芽池,裸喰娃娃,5,,,
萌芽池,凌乱儛步,5,,,
萌芽池,打奶要夭寿的,5,,,
萌芽池,瞳露,5,,,
萌芽池,兵库北姐姐,5,,,
萌芽池,糖灬小汐,5,,,
萌芽池,紫鸩倾心,5,,,
萌芽池,陌若安生,5,,,
萌芽池,久夏七年,5,,,
萌芽池,小森唯,5,,,
萌芽池,木丂丶口十,5,,,
萌芽池,鷹倉杏璃,5,,,
萌芽池,不動遊星,5,,,
萌芽池,杰内西斯丶,5,,,
萌芽池,斩·艾斯德斯,5,,,
萌芽池,蓝毛大人,5,,,
萌芽池,冰糖雪梨酱,5,,,
萌芽池,Alfina,5,,,
萌芽池,天狐咲夜,5,,,
萌芽池,爱蕾诺,5,,,
萌芽池,浅葱,5,,,
萌芽池,幻城vs异域,5,,,
萌芽池,小白雪,5,,,
萌芽池,叉烧瓜皮,5,,,
萌芽池,梳林,5,,,
萌芽池,李萌萌,5,,,
萌芽池,朧月花栞,5,,,
萌芽池,乔克拉克,5,,,
萌芽池,虎之助,5,,,
萌芽池,布雷诺,5,,,
萌芽池,那醒,5,,,
萌芽池,君莫怪,5,,,
萌芽池,Mys岩岩丶,5,,,
萌芽池,Aeneas,5,,,
萌芽池,志村圈八,5,,,
萌芽池,阿纳恩,5,,,
萌芽池,生面条,5,,,
萌芽池,W小子,5,,,
萌芽池,顾寒,5,,,
萌芽池,月寒·飛,5,,,
萌芽池,饺子球,5,,,
萌芽池,奇伊·斡,5,,,
萌芽池,白猫l,5,,,
萌芽池,八千切,5,,,
萌芽池,赤辭,5,,,
萌芽池,亞爾特留斯,5,,,
萌芽池,北悸安凉,5,,,
萌芽池,子桑碎碎念,5,,,
萌芽池,朽墓,5,,,
萌芽池,Kiritx,5,,,
萌芽池,索萨克尔,5,,,
萌芽池,唐咩咩,5,,,
萌芽池,软喵,5,,,
萌芽池,抹杀,5,,,
萌芽池,方方土,5,,,
萌芽池,帕帕萨拉,5,,,
萌芽池,Isle,5,,,
萌芽池,洋鸟,5,,,
萌芽池,薮猫,5,,,
萌芽池,紫燕东飞,5,,,
萌芽池,思归,5,,,
萌芽池,米兜里酱,5,,,
萌芽池,小禊,5,,,
萌芽池,艾歌,5,,,
萌芽池,萩风,5,,,
萌芽池,纸雀,5,,,
萌芽池,阿迪迪迪迪迪,5,,,
萌芽池,没差丶,5,,,
萌芽池,艾尔菲利亚,5,,,
萌芽池,秋风散影,5,,,
萌芽池,犀牛宝宝,5,,,
萌芽池,O泪梦红尘o,5,,,
萌芽池,轩辕黄帝,5,,,
萌芽池,Zz爕羽流霜,5,,,
萌芽池,Ingrid,5,,,
萌芽池,举个·栗子,5,,,
萌芽池,久远丶悠儿,5,,,
萌芽池,夜丶影月,5,,,
萌芽池,师太法号可耐,5,,,
萌芽池,烨樱,5,,,
萌芽池,奇奇利亚,5,,,
萌芽池,Manly,5,,,
萌芽池,丷天星,5,,,
萌芽池,银鸦,5,,,
萌芽池,貓小洺,5,,,
萌芽池,三森灬铃子,5,,,
萌芽池,方糖,5,,,
萌芽池,Olie,5,,,
萌芽池,神谜鬼疑,5,,,
萌芽池,黑耀玫瑰,5,,,
萌芽池,请诸位静听,5,,,
萌芽池,渡狸時雨丶,5,,,
萌芽池,女粉丝有很多,5,,,
萌芽池,苟利,5,,,
萌芽池,德云派·橙,5,,,
萌芽池,步天歌,5,,,
萌芽池,布拉德莉,5,,,
萌芽池,寂寞如尘,5,,,
萌芽池,思念念念念丶,5,,,
萌芽池,艾米娜,5,,,
萌芽池,渊白,5,,,
萌芽池,神代夏织,5,,,
萌芽池,晴访,5,,,
萌芽池,凛公主,4,,,
萌芽池,敷衍怎么演,4,,,
萌芽池,吃个小果冻,4,,,
萌芽池,吃个小点心,4,,,
萌芽池,蒼,4,,,
萌芽池,黯,4,,,
萌芽池,Levi,4,,,
萌芽池,Aiwass,4,,,
萌芽池,乐小咪,4,,,
萌芽池,杀漠,4,,,
萌芽池,花花er,4,,,
萌芽池,墨染樱丶,4,,,
萌芽池,肄,4,,,
萌芽池,靡靡它,4,,,
萌芽池,蜂蜜与四叶草,4,,,
萌芽池,鱼不单行,4,,,
萌芽池,天佑小十四,3,,,
萌芽池,Ninez,3,,,
萌芽池,Primra,3,,,
萌芽池,无路塞八嘎,3,,,
萌芽池,水音嘉木,3,,,
萌芽池,徐倫,3,,,
萌芽池,我吃饱了撑的,3,,,
萌芽池,日光丨倾城,3,,,
萌芽池,O灬浮生绘,3,,,
萌芽池,秦霜,3,,,
萌芽池,旋翼,3,,,
萌芽池,冽水心,3,,,
萌芽池,咲良synn,3,,,
萌芽池,Mr丶礼包,3,,,
萌芽池,Esile,3,,,
萌芽池,血陨,3,,,
萌芽池,直播吃键盘,3,,,
萌芽池,晓晞,3,,,
萌芽池,夏尔芙,2,,,
萌芽池,夏陌,2,,,
萌芽池,Kon灬忧伤,2,,,
萌芽池,自恋的曼波鱼,2,,,
萌芽池,百合咲露露,2,,,
萌芽池,菲娜希斯卡,2,,,
萌芽池,请称在下夏公,2,,,
萌芽池,無盡丶雷鸣,2,,,
萌芽池,弓二头鸡,2,,,
萌芽池,普缇娜,2,,,
萌芽池,稥,2,,,
萌芽池,变態,2,,,
萌芽池,绿季的风,2,,,
萌芽池,维利亚斯斯诺,2,,,
萌芽池,迪特里希gg,2,,,
萌芽池,湮灭scar,2,,,
萌芽池,芙妮亚西雅,2,,,
萌芽池,卤煮初号机,2,,,
萌芽池,丶么么,2,,,
萌芽池,O希望之翼o,2,,,
萌芽池,夜飞舞,2,,,
萌芽池,不安定的神明,2,,,
萌芽池,莫陌,2,,,
萌芽池,骁勇宝宝,2,,,
萌芽池,怀远,2,,,
萌芽池,婲落丶倾城,2,,,
萌芽池,希尔薇娅,2,,,
萌芽池,宅爷,2,,,
萌芽池,Unamed,2,,,
萌芽池,Mgreat,2,,,
萌芽池,沙沙宫纱夜,2,,,
萌芽池,烈知火,2,,,
萌芽池,抉,2,,,
萌芽池,Elven,2,,,
萌芽池,夕象,2,,,
萌芽池,由宇丶,2,,,
萌芽池,沙耶之呗,2,,,
萌芽池,寒錫,1,,,
萌芽池,南森鹿,1,,,
萌芽池,加拉哈徳,1,,,
萌芽池,卡诺安,1,,,
萌芽池,黑暗之神在上,1,,,
萌芽池,Marche,1,,,
萌芽池,彩虹四年,1,,,
萌芽池,Rezel,1,,,
萌芽池,儚月,1,,,
萌芽池,提米,1,,,
萌芽池,断罪如焱,1,,,
萌芽池,凪沙樱花,1,,,
萌芽池,季小川丶,1,,,
萌芽池,蕾奈,1,,,
萌芽池,Cafe陌,1,,,
萌芽池,沃达鲁斯,1,,,
萌芽池,加罗,1,,,
萌芽池,梅尔菲斯,1,,,
萌芽池,木匠·钉子,1,,,
萌芽池,落单的小牛牛,1,,,
萌芽池,信仰壁垒,1,,,
萌芽池,Mo诺,1,,,
萌芽池,夜白,1,,,
萌芽池,唐瑟戈·怒风,1,,,
萌芽池,清雨诺诺,1,,,
萌芽池,加肥瞄,1,,,
萌芽池,神田明神之灵,1,,,
萌芽池,西行寺八雲,1,,,
萌芽池,销魂大叔,1,,,
萌芽池,加贺山枫,1,,,
萌芽池,Expect,1,,,
萌芽池,努德内,1,,,
萌芽池,临城丶,1,,,
萌芽池,不明·嚼栗,1,,,
萌芽池,易鹭,1,,,
萌芽池,讓勒努,1,,,
萌芽池,山本武最高,1,,,
萌芽池,黒卷,1,,,
萌芽池,Grize,1,,,
萌芽池,不饿,1,,,
萌芽池,东照权现,1,,,
萌芽池,好饿,1,,,
拉诺西亚,木子花咲,5+,,,
拉诺西亚,Asphyx,5+,,,
拉诺西亚,美堂蛮,5+,,,
拉诺西亚,雾雨喵理莎,5+,,,
拉诺西亚,守護者,5+,,,
拉诺西亚,雪苑,5+,,,
拉诺西亚,Stack,5+,,,
拉诺西亚,櫻靈,5+,,,
拉诺西亚,科·诺尔,5+,,,
拉诺西亚,湖上骑士,5+,,,
拉诺西亚,丷阿罪,5+,,,
拉诺西亚,天野银次,5+,,,
拉诺西亚,浮光掠影,5+,,,
拉诺西亚,大崎娜娜,5+,,,
拉诺西亚,芽衣tail,5+,,,
拉诺西亚,洛尔诺,5+,,,
拉诺西亚,琪拉莉斯,5+,,,
拉诺西亚,木木mo,5+,,,
拉诺西亚,斯尼克瑟蒂,5+,,,
拉诺西亚,Mochi,5+,,,
拉诺西亚,月舞神殇,5+,,,
拉诺西亚,本分奶,5+,,,
拉诺西亚,小元气酱丶,5+,,,
拉诺西亚,优雅丶小梓喵,5+,,,
拉诺西亚,林小丶鸡,5+,,,
拉诺西亚,战姿奶,5+,,,
拉诺西亚,Humi,5+,,,
拉诺西亚,可食用家养喵,5+,,,
拉诺西亚,黑蔷薇爱丽丝,5+,,,
拉诺西亚,沈夜,5+,,,
拉诺西亚,芽野爱衣,5+,,,
拉诺西亚,伯兮,5+,,,
拉诺西亚,守夜骑士,5+,,,
拉诺西亚,蛋壳君,5+,,,
拉诺西亚,无水乙醇,5+,,,
拉诺西亚,Cetus,5+,,,
拉诺西亚,支莲,5+,,,
拉诺西亚,幻想乡鱼塘主,5+,,,
拉诺西亚,切斯,5+,,,
拉诺西亚,Nuoo挪诺,5+,,,
拉诺西亚,坐姿奶,5+,,,
拉诺西亚,Midna,5+,,,
拉诺西亚,么么子,5+,,,
拉诺西亚,Susan,5+,,,
拉诺西亚,Kaizen,5+,,,
拉诺西亚,杯水熹光,5+,,,
拉诺西亚,曦烛,5+,,,
拉诺西亚,孢大谷,5+,,,
拉诺西亚,站姿奶,5+,,,
拉诺西亚,Napsta,5+,,,
拉诺西亚,水瀬伊织,5+,,,
拉诺西亚,菲爾,5+,,,
拉诺西亚,一小罐可乐,5+,,,
拉诺西亚,彻,5+,,,
拉诺西亚,Ashbor,5+,,,
拉诺西亚,西木野圭垚?,5+,,,
拉诺西亚,聽海,5+,,,
拉诺西亚,稲垣雪那,5+,,,
拉诺西亚,兔忍喵,5+,,,
拉诺西亚,一弦,5+,,,
拉诺西亚,洛冥颢,5+,,,
拉诺西亚,德谟克利特,5+,,,
拉诺西亚,喵小胖,5+,,,
拉诺西亚,近战之心,5+,,,
拉诺西亚,可樂不加冰,5+,,,
拉诺西亚,朝風,5+,,,
拉诺西亚,Zsmile,5+,,,
拉诺西亚,肥蒸麻薯,5+,,,
拉诺西亚,水无神环绪,5+,,,
拉诺西亚,夕月小仙女,5+,,,
拉诺西亚,牛奶奥利奥,5+,,,
拉诺西亚,丶千辰,5+,,,
拉诺西亚,April丶,5+,,,
拉诺西亚,Lure,5+,,,
拉诺西亚,馅,5+,,,
拉诺西亚,Choto,5+,,,
拉诺西亚,南音,5+,,,
拉诺西亚,Diana,5+,,,
拉诺西亚,海默迪拉雅丝,5+,,,
拉诺西亚,只吃饭不洗碗,5+,,,
拉诺西亚,彩笺,5+,,,
拉诺西亚,霜烬,5+,,,
拉诺西亚,鳥獣戯画,5+,,,
拉诺西亚,Peachi,5+,,,
拉诺西亚,东岚,5+,,,
拉诺西亚,上吧·琪露诺,5+,,,
拉诺西亚,Jeason,5+,,,
拉诺西亚,奧尔什方少爷,5+,,,
拉诺西亚,业落,5+,,,
拉诺西亚,弃疗型熊猫,5+,,,
拉诺西亚,热水丶,5+,,,
拉诺西亚,香香香香香橙,5+,,,
拉诺西亚,飞溟,5+,,,
拉诺西亚,莉诺雅,5+,,,
拉诺西亚,索维迪特,5+,,,
拉诺西亚,小小跳刀了,5+,,,
拉诺西亚,习惯,5+,,,
拉诺西亚,眷眷眷眷眷,5+,,,
拉诺西亚,丨喵帕斯丨,5+,,,
拉诺西亚,莫古蘑菇,5+,,,
拉诺西亚,鬼迷神疑,5+,,,
拉诺西亚,庫啵,5+,,,
拉诺西亚,叶修,5+,,,
拉诺西亚,Rain·,5+,,,
拉诺西亚,甘泪卿,5+,,,
拉诺西亚,桂小太郎,5+,,,
拉诺西亚,雨宫林道,5+,,,
拉诺西亚,船,5+,,,
拉诺西亚,虎牙硬硬的丶,5+,,,
拉诺西亚,猫与梦的克利,5+,,,
拉诺西亚,埼玉,5+,,,
拉诺西亚,丶赫萝,5+,,,
拉诺西亚,青瓜,5+,,,
拉诺西亚,风间琉璃,5+,,,
拉诺西亚,Botpig,5+,,,
拉诺西亚,天钿女命,5+,,,
拉诺西亚,該隱,5+,,,
拉诺西亚,Ft丶咩,5+,,,
拉诺西亚,進擊的贝贝露,5+,,,
拉诺西亚,零一,5+,,,
拉诺西亚,白破军,5+,,,
拉诺西亚,纯矜,5+,,,
拉诺西亚,那丶殇,5+,,,
拉诺西亚,喵卡林,5+,,,
拉诺西亚,梨花,5+,,,
拉诺西亚,丶丿残灬影,5+,,,
拉诺西亚,洛瑾,5+,,,
拉诺西亚,往昔之云仙,5+,,,
拉诺西亚,莫渊,5+,,,
拉诺西亚,Toast,5+,,,
拉诺西亚,乔布燊,5+,,,
拉诺西亚,暗之戦士,5+,,,
拉诺西亚,苏莫雨,5+,,,
拉诺西亚,轩辕月,5+,,,
拉诺西亚,露忒,5+,,,
拉诺西亚,光咚咚的猫,5+,,,
拉诺西亚,芥川小代理,5+,,,
拉诺西亚,雅修特拉丶,5+,,,
拉诺西亚,安涟,5+,,,
拉诺西亚,緋村剣心,5+,,,
拉诺西亚,南條愛乃厨,5+,,,
拉诺西亚,一团猫,5+,,,
拉诺西亚,不破真广丶,5+,,,
拉诺西亚,南澤十八,5+,,,
拉诺西亚,古道仙尘,5+,,,
拉诺西亚,永冢纱季,5+,,,
拉诺西亚,英俊,5+,,,
拉诺西亚,爱苏,5+,,,
拉诺西亚,宏观经济学,5+,,,
拉诺西亚,雨蓝,5+,,,
拉诺西亚,溢出大哥哥,5+,,,
拉诺西亚,Stecy,5+,,,
拉诺西亚,Sign,5+,,,
拉诺西亚,梅瓣白,5+,,,
拉诺西亚,轻井泽惠,5+,,,
拉诺西亚,丶小五,5+,,,
拉诺西亚,浅野扎扎拉,5+,,,
拉诺西亚,奧尔什方灰石,5+,,,
拉诺西亚,逸丶沫沫,5+,,,
拉诺西亚,Rosita,5+,,,
拉诺西亚,红白胖次,5+,,,
拉诺西亚,秋桜,5+,,,
拉诺西亚,普罗姆,5+,,,
拉诺西亚,克洛艾,5+,,,
拉诺西亚,青木志貴,5+,,,
拉诺西亚,神照,5+,,,
拉诺西亚,大葱才是本体,5+,,,
拉诺西亚,团点,5+,,,
拉诺西亚,清水兔,5+,,,
拉诺西亚,苏沐秋,5+,,,
拉诺西亚,Ri尤,5+,,,
拉诺西亚,炒鸡战士,5+,,,
拉诺西亚,鱼板,5+,,,
拉诺西亚,妮诺丝亚,5+,,,
拉诺西亚,梨梨梨花喵,5+,,,
拉诺西亚,Lucyyy,5+,,,
拉诺西亚,Xian图,5+,,,
拉诺西亚,月亮珊瑚,5+,,,
拉诺西亚,Tristn,5+,,,
拉诺西亚,西露米,5,,,
拉诺西亚,莱昂哈特,5,,,
拉诺西亚,蒂娜,5,,,
拉诺西亚,风谷,5,,,
拉诺西亚,薄暮晨云,5,,,
拉诺西亚,麻辣烫,5,,,
拉诺西亚,老中医,5,,,
拉诺西亚,拉斐爾,5,,,
拉诺西亚,丶疯紫,5,,,
拉诺西亚,半月尘,5,,,
拉诺西亚,赟赟赟赟赟赟,5,,,
拉诺西亚,断念流光,5,,,
拉诺西亚,沝靈,5,,,
拉诺西亚,凌幻,5,,,
拉诺西亚,大号光头强,5,,,
拉诺西亚,神灬救赎,5,,,
拉诺西亚,Miro,5,,,
拉诺西亚,辉飞烟灭,5,,,
拉诺西亚,一克斯咖喱棒,5,,,
拉诺西亚,天冥血殇,5,,,
拉诺西亚,小黄濑,5,,,
拉诺西亚,喵神八百萬,5,,,
拉诺西亚,Alex,5,,,
拉诺西亚,游走的蚊子,5,,,
拉诺西亚,战勇之心,5,,,
拉诺西亚,花月炎,5,,,
拉诺西亚,约翰丶史密斯,5,,,
拉诺西亚,Buncle,5,,,
拉诺西亚,艾文,5,,,
拉诺西亚,·夏亚,5,,,
拉诺西亚,麦克白,5,,,
拉诺西亚,此人多半有病,5,,,
拉诺西亚,花青儿,5,,,
拉诺西亚,灬繁华,5,,,
拉诺西亚,八重桜,5,,,
拉诺西亚,林小汐,5,,,
拉诺西亚,本城莲,5,,,
拉诺西亚,転転転転,5,,,
拉诺西亚,目暗,5,,,
拉诺西亚,Raven,5,,,
拉诺西亚,凉香,5,,,
拉诺西亚,梶裕贵,5,,,
拉诺西亚,丨特蘭克斯丨,5,,,
拉诺西亚,樱织祈,5,,,
拉诺西亚,幻丶域灬玄月,5,,,
拉诺西亚,艾诗伍德,5,,,
拉诺西亚,卡布奇诺瞳,5,,,
拉诺西亚,汪星喵兵卫,5,,,
拉诺西亚,辉夜喵,5,,,
拉诺西亚,卧烟,5,,,
拉诺西亚,肖申克,5,,,
拉诺西亚,千石撫子,5,,,
拉诺西亚,黑头奶,5,,,
拉诺西亚,喵喵喵,5,,,
拉诺西亚,艾丝蒂尔fy,5,,,
拉诺西亚,小夜的幻想曲,5,,,
拉诺西亚,艾斯蒂喵,5,,,
拉诺西亚,Kain,5,,,
拉诺西亚,普莉丝蒂,5,,,
拉诺西亚,让开o我来扛,5,,,
拉诺西亚,姑射,5,,,
拉诺西亚,依莉雅斯菲尔,5,,,
拉诺西亚,秋漠,5,,,
拉诺西亚,Swr丶晴汐,5,,,
拉诺西亚,莫古丶雨,5,,,
拉诺西亚,冲田总司,5,,,
拉诺西亚,月灵梦,5,,,
拉诺西亚,Macu,5,,,
拉诺西亚,默年,5,,,
拉诺西亚,黑之誓约,5,,,
拉诺西亚,乱舞早早,5,,,
拉诺西亚,景语岚丶,5,,,
拉诺西亚,露月玲珑,5,,,
拉诺西亚,伊媚儿,5,,,
拉诺西亚,悲,5,,,
拉诺西亚,饕餮的鱼皮饺,5,,,
拉诺西亚,舒梦,5,,,
拉诺西亚,里表情,5,,,
拉诺西亚,中津静流,5,,,
拉诺西亚,点圈点圈,5,,,
拉诺西亚,哈姆蕾特,5,,,
拉诺西亚,阿圖瓦雷尔,5,,,
拉诺西亚,绿豆饼,5,,,
拉诺西亚,Vv,5,,,
拉诺西亚,蒙莫兰希,5,,,
拉诺西亚,烤生海星,5,,,
拉诺西亚,小赫,5,,,
拉诺西亚,饶速日,5,,,
拉诺西亚,神谷奈绪,5,,,
拉诺西亚,华丽夜猫,5,,,
拉诺西亚,奈钦,5,,,
拉诺西亚,丿御坂丶御坂,5,,,
拉诺西亚,小真姫,5,,,
拉诺西亚,桜散華,5,,,
拉诺西亚,某人桑丶,5,,,
拉诺西亚,萤丸,5,,,
拉诺西亚,银侍,5,,,
拉诺西亚,人形原黑绘,5,,,
拉诺西亚,游云凰影,5,,,
拉诺西亚,小小化离,5,,,
拉诺西亚,梦见过去,5,,,
拉诺西亚,风之莉丝,5,,,
拉诺西亚,火村夕,5,,,
拉诺西亚,侬到底来赛伐,5,,,
拉诺西亚,阿尔法妮亚,5,,,
拉诺西亚,Ohno酱,5,,,
拉诺西亚,翼憶,5,,,
拉诺西亚,桜花初音,5,,,
拉诺西亚,一点喜欢,5,,,
拉诺西亚,落雪,5,,,
拉诺西亚,落洛,5,,,
拉诺西亚,菜菜宝,5,,,
拉诺西亚,礼礼诺,5,,,
拉诺西亚,Mew,5,,,
拉诺西亚,饭团包子寿司,5,,,
拉诺西亚,多糖主义,5,,,
拉诺西亚,月影百合,5,,,
拉诺西亚,Yumi,5,,,
拉诺西亚,霸天猫,5,,,
拉诺西亚,丶樱满集丶,5,,,
拉诺西亚,浅夜,5,,,
拉诺西亚,黄焖小土豆,5,,,
拉诺西亚,咲彩,5,,,
拉诺西亚,誘莓丶,5,,,
拉诺西亚,自走人形夜夜,5,,,
拉诺西亚,今生如梦,5,,,
拉诺西亚,最后de约束,5,,,
拉诺西亚,红茉来铃,5,,,
拉诺西亚,猫娘娘,5,,,
拉诺西亚,Ayaomi,5,,,
拉诺西亚,源治,5,,,
拉诺西亚,流云翾雪,5,,,
拉诺西亚,终焉的黄昏,5,,,
拉诺西亚,Fienaa,5,,,
拉诺西亚,我要去强吻她,5,,,
拉诺西亚,智障儿欢乐多,5,,,
拉诺西亚,森宫苍乃,5,,,
拉诺西亚,石涧,5,,,
拉诺西亚,Kitune,5,,,
拉诺西亚,赛尔特,5,,,
拉诺西亚,奥利维亚米拉,5,,,
拉诺西亚,Wave,5,,,
拉诺西亚,Naga,5,,,
拉诺西亚,Spectr,5,,,
拉诺西亚,撒尔瓦多,5,,,
拉诺西亚,Oo天煞,5,,,
拉诺西亚,续写潶夜,5,,,
拉诺西亚,梦野间,5,,,
拉诺西亚,星岛焰,5,,,
拉诺西亚,Isabel,5,,,
拉诺西亚,嘉美尤,5,,,
拉诺西亚,梅川内库,5,,,
拉诺西亚,煦木丗,5,,,
拉诺西亚,丶夏凝汐,5,,,
拉诺西亚,六銖衣,5,,,
拉诺西亚,星月小紫,5,,,
拉诺西亚,Sarnga,5,,,
拉诺西亚,碓冰灬恶童,5,,,
拉诺西亚,日向棗棗,5,,,
拉诺西亚,埃斯·洛耶斯,5,,,
拉诺西亚,西野七瀨,5,,,
拉诺西亚,慕哀,5,,,
拉诺西亚,大鸡蛋儿,5,,,
拉诺西亚,乾坤映月,5,,,
拉诺西亚,Lexa,5,,,
拉诺西亚,小筋肉,5,,,
拉诺西亚,小讓,5,,,
拉诺西亚,明人,5,,,
拉诺西亚,钻石天使,5,,,
拉诺西亚,Bebaby,5,,,
拉诺西亚,蝶灬沁,5,,,
拉诺西亚,迷失的孤星,5,,,
拉诺西亚,阿肉,5,,,
拉诺西亚,Alexer,5,,,
拉诺西亚,花氿卿,5,,,
拉诺西亚,瓦尔哈拉,5,,,
拉诺西亚,我不是一五五,5,,,
拉诺西亚,约定与谎言,5,,,
拉诺西亚,Zwei翼,5,,,
拉诺西亚,反反氯苯,5,,,
拉诺西亚,阿曼瑟尔,5,,,
拉诺西亚,二吞女,5,,,
拉诺西亚,龙胆家的琉璃,5,,,
拉诺西亚,柴崎万葉,5,,,
拉诺西亚,青鷺火,5,,,
拉诺西亚,白熊夜行,5,,,
拉诺西亚,南條poi,5,,,
拉诺西亚,薬歌玲,5,,,
拉诺西亚,柒丶,5,,,
拉诺西亚,木幡真琴,5,,,
拉诺西亚,图球球,5,,,
拉诺西亚,Azalea,5,,,
拉诺西亚,天际丶,5,,,
拉诺西亚,真壁总一,5,,,
拉诺西亚,乌啼,5,,,
拉诺西亚,Qia尔玛,5,,,
拉诺西亚,曲终弦断,5,,,
拉诺西亚,科诺德,5,,,
拉诺西亚,什锦虾球,5,,,
拉诺西亚,特级肉粥,5,,,
拉诺西亚,撒旦的榴莲,5,,,
拉诺西亚,初江,5,,,
拉诺西亚,卡廖斯特罗,5,,,
拉诺西亚,九条樱子丶,5,,,
拉诺西亚,我不萌,5,,,
拉诺西亚,Query,5,,,
拉诺西亚,格雷西亚,5,,,
拉诺西亚,南條爱乃丶,5,,,
拉诺西亚,Emomo,5,,,
拉诺西亚,Echoa,5,,,
拉诺西亚,叁日月,5,,,
拉诺西亚,幽閉,5,,,
拉诺西亚,Fxat,5,,,
拉诺西亚,黑魅靈,5,,,
拉诺西亚,Butsu,5,,,
拉诺西亚,小八菌丶,5,,,
拉诺西亚,奇洛洛,5,,,
拉诺西亚,上井草美咲,5,,,
拉诺西亚,好好先,5,,,
拉诺西亚,Cytus,5,,,
拉诺西亚,龙豪,5,,,
拉诺西亚,明诚君,5,,,
拉诺西亚,鸢沢美咲丶,5,,,
拉诺西亚,迪迦,5,,,
拉诺西亚,奈怜,5,,,
拉诺西亚,阿萨谢尓,5,,,
拉诺西亚,点击查看详情,5,,,
拉诺西亚,暖瞳丶,5,,,
拉诺西亚,炎翼灼日,5,,,
拉诺西亚,龙套君,5,,,
拉诺西亚,为所欲为,5,,,
拉诺西亚,大藏衣远,5,,,
拉诺西亚,Es,5,,,
拉诺西亚,Dnec,5,,,
拉诺西亚,和泉紗雾,5,,,
拉诺西亚,丨小凡丨,5,,,
拉诺西亚,阿库嘛塔塔,5,,,
拉诺西亚,皓腕凝霜雪,5,,,
拉诺西亚,阿特拉克,5,,,
拉诺西亚,洛三,5,,,
拉诺西亚,洛羽弦,5,,,
拉诺西亚,Feilin,5,,,
拉诺西亚,弦卷kkr,5,,,
拉诺西亚,言律月,5,,,
拉诺西亚,一个小香菇,5,,,
拉诺西亚,Ailili,5,,,
拉诺西亚,演绎人生,5,,,
拉诺西亚,古河·渚,5,,,
拉诺西亚,碟碟略略略,5,,,
拉诺西亚,Gedser,5,,,
拉诺西亚,五马路,5,,,
拉诺西亚,透明人,5,,,
拉诺西亚,够修吉萨嘛丶,5,,,
拉诺西亚,唳空,5,,,
拉诺西亚,萌圆圆w,5,,,
拉诺西亚,小小桶,5,,,
拉诺西亚,南條三葉,5,,,
拉诺西亚,Mrrose,5,,,
拉诺西亚,Thynn,5,,,
拉诺西亚,南球南球南,5,,,
拉诺西亚,要冷静,5,,,
拉诺西亚,天然猪肉丸,5,,,
拉诺西亚,衔蝶猫,5,,,
拉诺西亚,蓬萊山辉夜,5,,,
拉诺西亚,鹿呦呦,5,,,
拉诺西亚,久住鸦弥,5,,,
拉诺西亚,折南枝,5,,,
拉诺西亚,六見一馬,5,,,
拉诺西亚,洄不若,5,,,
拉诺西亚,小大老阿明,5,,,
拉诺西亚,哔哔,5,,,
拉诺西亚,绵羊酱,5,,,
拉诺西亚,素墨画清眉,5,,,
拉诺西亚,阿乌托利呆,5,,,
拉诺西亚,一只小污猫,5,,,
拉诺西亚,璞璞洛,5,,,
拉诺西亚,凉城以南,5,,,
拉诺西亚,汪汪汪酱丶,5,,,
拉诺西亚,律动月光,5,,,
拉诺西亚,Verti,5,,,
拉诺西亚,未晴,5,,,
拉诺西亚,苏烨,5,,,
拉诺西亚,大笼包君,5,,,
拉诺西亚,Qwo,5,,,
拉诺西亚,Vi晓风,5,,,
拉诺西亚,Anches,5,,,
拉诺西亚,Tmp,5,,,
拉诺西亚,焦糖可可,5,,,
拉诺西亚,黄昏下的星灯,5,,,
拉诺西亚,南家村雨,5,,,
拉诺西亚,墨挽青竹,5,,,
拉诺西亚,优丽,5,,,
拉诺西亚,Mico鱼,5,,,
拉诺西亚,Yukias,5,,,
拉诺西亚,基拉·大和,5,,,
拉诺西亚,上彬谦信,5,,,
拉诺西亚,白屮色萝卜,5,,,
拉诺西亚,Tsuksa,5,,,
拉诺西亚,梨膏糖,5,,,
拉诺西亚,时移世易,5,,,
拉诺西亚,芝士培根酱,5,,,
拉诺西亚,Qulana,5,,,
拉诺西亚,他是光,5,,,
拉诺西亚,彌生,5,,,
拉诺西亚,巨型芒果冰,5,,,
拉诺西亚,死神的零食,5,,,
拉诺西亚,螺旋蛋,5,,,
拉诺西亚,切糕,5,,,
拉诺西亚,Ar巴巴耶夫,5,,,
拉诺西亚,華陽酱,5,,,
拉诺西亚,格瑞,5,,,
拉诺西亚,宵闇花火,5,,,
拉诺西亚,饺子霰,5,,,
拉诺西亚,凝兮,5,,,
拉诺西亚,琉珠sama,5,,,
拉诺西亚,大眠,5,,,
拉诺西亚,甜橙果绵冰,5,,,
拉诺西亚,带把的妹子,5,,,
拉诺西亚,竹姬,5,,,
拉诺西亚,园田海鱼,5,,,
拉诺西亚,真礼,5,,,
拉诺西亚,荭美泠,5,,,
拉诺西亚,北海森屿,5,,,
拉诺西亚,冉,5,,,
拉诺西亚,丶清水,5,,,
拉诺西亚,O黑兔o,5,,,
拉诺西亚,时雨,5,,,
拉诺西亚,歌岛,5,,,
拉诺西亚,桜谣,5,,,
拉诺西亚,校草小白君,5,,,
拉诺西亚,美裕,5,,,
拉诺西亚,战术核企鹅,5,,,
拉诺西亚,阿诺瑞斯,5,,,
拉诺西亚,Sa戈,5,,,
拉诺西亚,樱·吹雪,5,,,
拉诺西亚,Fuyko冬,5,,,
拉诺西亚,妍仪流年,5,,,
拉诺西亚,不協和音,5,,,
拉诺西亚,一米二,5,,,
拉诺西亚,光影丶月华,5,,,
拉诺西亚,丶三千,5,,,
拉诺西亚,岛田葉月,5,,,
拉诺西亚,噬骨立体,5,,,
拉诺西亚,方天,5,,,
拉诺西亚,净饭王,5,,,
拉诺西亚,龙娘七七七,5,,,
拉诺西亚,咕哒千,5,,,
拉诺西亚,燕乐玄鸟,5,,,
拉诺西亚,Helix,5,,,
拉诺西亚,神意大表哥,5,,,
拉诺西亚,乔巴医师,5,,,
拉诺西亚,一大波小强,4,,,
拉诺西亚,迷糊豬,4,,,
拉诺西亚,Ryougi,4,,,
拉诺西亚,N·格鲁曼达,4,,,
拉诺西亚,糯糯米,4,,,
拉诺西亚,待朕收拾你,4,,,
拉诺西亚,一滩猫,4,,,
拉诺西亚,Veber,4,,,
拉诺西亚,東東,4,,,
拉诺西亚,Kizuna,4,,,
拉诺西亚,是深海鱼吗丶,4,,,
拉诺西亚,杨咩咩,4,,,
拉诺西亚,人小奶量足,4,,,
拉诺西亚,莲生,3,,,
拉诺西亚,九鳳院紫夜,3,,,
拉诺西亚,Abarth,3,,,
拉诺西亚,噗哟哟,3,,,
拉诺西亚,格林斯菲尔德,3,,,
拉诺西亚,丝达娜,3,,,
拉诺西亚,稻尾一久,3,,,
拉诺西亚,发光的小金子,3,,,
拉诺西亚,迦兰迪尔,3,,,
拉诺西亚,近,3,,,
拉诺西亚,Takame,3,,,
拉诺西亚,莱茵·格罗特,3,,,
拉诺西亚,理符发行人,3,,,
拉诺西亚,五更琉璃,2,,,
拉诺西亚,相信我的叔魂,2,,,
拉诺西亚,黑白诗,2,,,
拉诺西亚,浅生离,2,,,
拉诺西亚,艾飛天,2,,,
拉诺西亚,梦梦·贝莉雅,2,,,
拉诺西亚,桜流丿,2,,,
拉诺西亚,阿草草的懒猫,2,,,
拉诺西亚,基莉埃,2,,,
拉诺西亚,Yellow,2,,,
拉诺西亚,飒弥亚,2,,,
拉诺西亚,简简单单丶,2,,,
拉诺西亚,阿茶丶不许喝,2,,,
拉诺西亚,Mr丶pig,2,,,
拉诺西亚,笹目夜彌,2,,,
拉诺西亚,嬌嬌嬌嬌,2,,,
拉诺西亚,土生瑞之助,2,,,
拉诺西亚,Kadela,2,,,
拉诺西亚,阿茶薇尔,2,,,
拉诺西亚,Hibik,2,,,
拉诺西亚,柒夜,2,,,
拉诺西亚,Author,2,,,
拉诺西亚,Geimmh,2,,,
拉诺西亚,線香花火,2,,,
拉诺西亚,艾特菈,2,,,
拉诺西亚,小磊潇潇,2,,,
拉诺西亚,丶商傅良,2,,,
拉诺西亚,清商,2,,,
拉诺西亚,Wumei,2,,,
拉诺西亚,Adelle,2,,,
拉诺西亚,高数过了吗,2,,,
拉诺西亚,子苓,2,,,
拉诺西亚,司徒梓,2,,,
拉诺西亚,甲苯,2,,,
拉诺西亚,璇子,2,,,
拉诺西亚,诗歌,2,,,
拉诺西亚,椰子鱼大大,2,,,
拉诺西亚,病院坂空白,2,,,
拉诺西亚,林樆君,2,,,
拉诺西亚,火狐,1,,,
拉诺西亚,式,1,,,
拉诺西亚,Rd,1,,,
拉诺西亚,劳拉灬,1,,,
拉诺西亚,草莓牛奶丶,1,,,
拉诺西亚,苍白的少年,1,,,
拉诺西亚,珍珠丸,1,,,
拉诺西亚,Inoka,1,,,
拉诺西亚,阿尔托利婭,1,,,
拉诺西亚,太湖小白,1,,,
拉诺西亚,Terra,1,,,
拉诺西亚,Odin,1,,,
拉诺西亚,银瞄,1,,,
拉诺西亚,狼小魂,1,,,
拉诺西亚,灵玥,1,,,
拉诺西亚,Maru,1,,,
拉诺西亚,最炫精油风丶,1,,,
拉诺西亚,Kalpa,1,,,
拉诺西亚,光尽,1,,,
拉诺西亚,蔓越莓曲奇,1,,,
拉诺西亚,腹黑的琉璃酱,1,,,
拉诺西亚,卡莱尔,1,,,
拉诺西亚,烤鰻魚蓋飯,1,,,
拉诺西亚,高槻手纲,1,,,
拉诺西亚,丨死丨活,1,,,
拉诺西亚,小笼包爱稀飯,1,,,
拉诺西亚,健康的尾巴,1,,,
拉诺西亚,小野寺咲,1,,,
拉诺西亚,阿子子子,1,,,
拉诺西亚,莉卡酱,1,,,
拉诺西亚,龙魂,1,,,
拉诺西亚,树,1,,,
拉诺西亚,斯文没味,1,,,
拉诺西亚,团子喵,1,,,
拉诺西亚,莫雷洛·罗夫,1,,,
拉诺西亚,秋樱,1,,,
拉诺西亚,Dey丶,1,,,
拉诺西亚,玄玄抱君,1,,,
拉诺西亚,北门灬,1,,,
拉诺西亚,依灵糖,1,,,
拉诺西亚,桥,1,,,
拉诺西亚,陨落黑幕,1,,,
拉诺西亚,那位先生,1,,,
拉诺西亚,布丁扣扣米,1,,,
拉诺西亚,冰萌零,1,,,
拉诺西亚,暗伤七七,1,,,
拉诺西亚,桜小路咲夜,1,,,
拉诺西亚,Gay佬,1,,,
拉诺西亚,空照,1,,,
拉诺西亚,Yahweh,1,,,
拉诺西亚,宇佐美爱瑠,1,,,
拉诺西亚,小稚,1,,,
拉诺西亚,年迈的奶瓶,1,,,
拉诺西亚,情分奶,1,,,
拉诺西亚,三笠丶阿克,1,,,
拉诺西亚,超好吃的粥粥,1,,,
静语庄园,猫泽树理,5+,,,
静语庄园,五行缺五行,5+,,,
静语庄园,柯小友,5+,,,
静语庄园,丶烟花,5+,,,
静语庄园,下铺老王,5+,,,
静语庄园,H大王,5+,,,
静语庄园,史克威爾,5+,,,
静语庄园,啊姆,5+,,,
静语庄园,藍川絆,5+,,,
静语庄园,萌將丶戰,5+,,,
静语庄园,祭砚,5+,,,
静语庄园,Terra,5+,,,
静语庄园,Whiter,5+,,,
静语庄园,Serra,5+,,,
静语庄园,榊遥香,5+,,,
静语庄园,鱼跃清溪,5+,,,
静语庄园,小喵不哭,5+,,,
静语庄园,扎塔恩,5+,,,
静语庄园,Noah诺亚,5+,,,
静语庄园,Salmon,5+,,,
静语庄园,深坑,5+,,,
静语庄园,菓菓派,5+,,,
静语庄园,兔糖糖,5+,,,
静语庄园,緋村剑心,5+,,,
静语庄园,豆酥糖,5+,,,
静语庄园,袅袅淼淼,5+,,,
静语庄园,炫晞,5+,,,
静语庄园,楠love条,5+,,,
静语庄园,罪之歌,5+,,,
静语庄园,Kirine,5+,,,
静语庄园,拿小拳拳锤你,5+,,,
静语庄园,Jzc,5+,,,
静语庄园,暗溟丶,5+,,,
静语庄园,雲影,5+,,,
静语庄园,忧郁的妮子,5+,,,
静语庄园,Kouki,5+,,,
静语庄园,瞐瞐,5+,,,
静语庄园,卍术卍,5+,,,
静语庄园,渃寒,5+,,,
静语庄园,我叫小锤子,5+,,,
静语庄园,么么梦,5+,,,
静语庄园,Aya布雷亚,5+,,,
静语庄园,Misuzu,5+,,,
静语庄园,Bloom,5+,,,
静语庄园,秋风清,5+,,,
静语庄园,六音,5+,,,
静语庄园,惡誅,5,,,
静语庄园,Mecha,5,,,
静语庄园,Janna,5,,,
静语庄园,洛影弦尘,5,,,
静语庄园,神裂火織,5,,,
静语庄园,兰岚,5,,,
静语庄园,海色千曜,5,,,
静语庄园,科长,5,,,
静语庄园,Abime,5,,,
静语庄园,Dilys,5,,,
静语庄园,她与她的世界,5,,,
静语庄园,木子棉,5,,,
静语庄园,Eillie,5,,,
静语庄园,赤泽泉美,5,,,
静语庄园,岳王神丶,5,,,
静语庄园,杰瑞姆,5,,,
静语庄园,帕库·帕比,5,,,
静语庄园,离寒,5,,,
静语庄园,夜夜夜长梦还,5,,,
静语庄园,筱小番茄酱,5,,,
静语庄园,月下蕾拉,5,,,
静语庄园,Zizi,5,,,
静语庄园,墨凛,5,,,
静语庄园,叮当ovo,5,,,
静语庄园,Oops伽运,5,,,
静语庄园,夜翎,5,,,
静语庄园,Empty丶,5,,,
静语庄园,潮花汐拾,5,,,
静语庄园,向雅晴,5,,,
静语庄园,索索萝,5,,,
静语庄园,不失本心,5,,,
静语庄园,阿强一号,5,,,
静语庄园,星海灬航,5,,,
静语庄园,无聊的狗尾草,5,,,
静语庄园,落日潇风,5,,,
静语庄园,如影随风,5,,,
静语庄园,苍凪伊月,5,,,
静语庄园,暮小雨,5,,,
静语庄园,刻风丶雫,5,,,
静语庄园,香甜玉米汁,5,,,
静语庄园,御轻舟而上溯,5,,,
静语庄园,绯色樱花,5,,,
静语庄园,Nyannn,5,,,
静语庄园,Oops桃子,5,,,
静语庄园,云飞零,5,,,
静语庄园,新凉,5,,,
静语庄园,愤怒小榴莲,5,,,
静语庄园,金刚乄裤衩,5,,,
静语庄园,鏡花水月丶,5,,,
静语庄园,威光之翼,5,,,
静语庄园,Oops六子,5,,,
静语庄园,忘川桥,5,,,
静语庄园,龙o啸,5,,,
静语庄园,彼岸曼沙,5,,,
静语庄园,Oops小玖,5,,,
静语庄园,布布小丁,5,,,
静语庄园,桃生小鸟,5,,,
静语庄园,喵·铁匠,5,,,
静语庄园,晚夜残雪,5,,,
静语庄园,Deuce丶,5,,,
静语庄园,晨舞,5,,,
静语庄园,可爱的麦丽素,5,,,
静语庄园,秋山澪丶,5,,,
静语庄园,乌鸦坐飞机,5,,,
静语庄园,兰公子是公主,5,,,
静语庄园,朵尼朵尼乔巴,5,,,
静语庄园,小糸侑,5,,,
静语庄园,Yuliu,5,,,
静语庄园,反补世界树i,5,,,
静语庄园,陌汐,5,,,
静语庄园,龙纹羽鳞,5,,,
静语庄园,小尤娜酱,5,,,
静语庄园,梨落落,5,,,
静语庄园,安娜托利塔亚,5,,,
静语庄园,Rindo,5,,,
静语庄园,莳雨,5,,,
静语庄园,米黛,5,,,
静语庄园,魏宁,4,,,
静语庄园,迷迭蜗牛,3,,,
静语庄园,三无少年,3,,,
静语庄园,烟瘾剑深,3,,,
静语庄园,梦丶叶慎之介,2,,,
静语庄园,乔乔焦尼,2,,,
静语庄园,香糯三文鱼,2,,,
静语庄园,理树子,2,,,
静语庄园,芹菜丶,2,,,
静语庄园,雷丶霆,2,,,
静语庄园,士力架,2,,,
静语庄园,Allena,2,,,
静语庄园,山风家的红伞,2,,,
静语庄园,小z找虐,2,,,
静语庄园,进击的花菜,2,,,
静语庄园,魔哆哆,2,,,
静语庄园,糖哆哆,2,,,
静语庄园,永江衣玖,2,,,
静语庄园,Venize,2,,,
静语庄园,鱻哆哆,2,,,
静语庄园,Zweite,1,,,
静语庄园,幻月之殇,1,,,
静语庄园,纯白的龙翼,1,,,
静语庄园,言星,1,,,
静语庄园,奥妮奥莉雅,1,,,
静语庄园,达扬,1,,,
静语庄园,蒂娜tina,1,,,
静语庄园,深坑屠夫,1,,,
静语庄园,雷霆之翼,1,,,
静语庄园,乌迪洛夫斯基,1,,,
静语庄园,月芙,1,,,
静语庄园,苏亚,1,,,
静语庄园,Yoona诺,1,,,
静语庄园,丨祎丨,1,,,
静语庄园,迷糊晓猪,1,,,
静语庄园,赤坂龙之介,1,,,
幻影群岛,星落o独歌,5+,,,
幻影群岛,Momon,5+,,,
幻影群岛,Moni,5+,,,
幻影群岛,立花道雪,5+,,,
幻影群岛,東风谷早苗,5+,,,
幻影群岛,流浪喵,5+,,,
幻影群岛,无法描诉,5+,,,
幻影群岛,雷羽风,5+,,,
幻影群岛,大栗c丶,5+,,,
幻影群岛,团子喵,5+,,,
幻影群岛,多多良小傘,5+,,,
幻影群岛,Jacked,5+,,,
幻影群岛,奶油芝士焗虾,5+,,,
幻影群岛,丨asuna,5+,,,
幻影群岛,丹特麗安,5+,,,
幻影群岛,May,5+,,,
幻影群岛,岚岚鹿,5+,,,
幻影群岛,轻漉,5+,,,
幻影群岛,伊莱恩,5+,,,
幻影群岛,山兔子,5+,,,
幻影群岛,Arsena,5+,,,
幻影群岛,南球的宠物,5+,,,
幻影群岛,Mizuno,5+,,,
幻影群岛,红丶寂瀞,5+,,,
幻影群岛,不卡的布卡,5+,,,
幻影群岛,冬馬和纱,5+,,,
幻影群岛,滋滋,5+,,,
幻影群岛,麟鳞,5+,,,
幻影群岛,冰磬,5+,,,
幻影群岛,肆拾大反派,5+,,,
幻影群岛,Marym丶,5+,,,
幻影群岛,Grael,5+,,,
幻影群岛,春鸟鸫,5+,,,
幻影群岛,布克,5+,,,
幻影群岛,Luciss,5+,,,
幻影群岛,扑,5+,,,
幻影群岛,凝萌喽,5+,,,
幻影群岛,水若有情丶,5+,,,
幻影群岛,夯夯小土豆,5+,,,
幻影群岛,梦幻,5+,,,
幻影群岛,猫团,5+,,,
幻影群岛,萱草江漓,5+,,,
幻影群岛,天上要吹雪,5+,,,
幻影群岛,地狱伞兵,5+,,,
幻影群岛,Mika',5+,,,
幻影群岛,珀耳塞芙涅,5+,,,
幻影群岛,轮子殿下,5+,,,
幻影群岛,浮光掠影丶,5+,,,
幻影群岛,蓓儿,5+,,,
幻影群岛,Found,5+,,,
幻影群岛,米可可,5+,,,
幻影群岛,月娜雅,5+,,,
幻影群岛,傅里叶,5+,,,
幻影群岛,坂本静雄,5+,,,
幻影群岛,舞冉墨,5+,,,
幻影群岛,Loran,5+,,,
幻影群岛,秋叶飘满天,5+,,,
幻影群岛,橘子cora,5+,,,
幻影群岛,粉黛儿,5+,,,
幻影群岛,湛樱花吹雪,5+,,,
幻影群岛,Ade,5+,,,
幻影群岛,黄桃,5+,,,
幻影群岛,Miya,5+,,,
幻影群岛,Lee·慢慢,5+,,,
幻影群岛,吴羽冬华,5+,,,
幻影群岛,蓝墨耀然,5+,,,
幻影群岛,Tryst,5+,,,
幻影群岛,阿斯贝尔,5+,,,
幻影群岛,从小就耐打,5+,,,
幻影群岛,伊东守,5+,,,
幻影群岛,至尊亚历山大,5+,,,
幻影群岛,佐伯,5+,,,
幻影群岛,未來日記,5+,,,
幻影群岛,半吊吊吊吊吊,5+,,,
幻影群岛,悠梦,5+,,,
幻影群岛,逗比丿受,5+,,,
幻影群岛,年轻的樵夫呦,5+,,,
幻影群岛,御子柴實琴,5+,,,
幻影群岛,野崎小御御,5+,,,
幻影群岛,德尔塔丶改,5+,,,
幻影群岛,二木,5+,,,
幻影群岛,氷丶,5+,,,
幻影群岛,Yukine,5+,,,
幻影群岛,Mio灬小哈,5+,,,
幻影群岛,白子祁,5+,,,
幻影群岛,茶一,5+,,,
幻影群岛,浅野悠,5+,,,
幻影群岛,塞西尔·哈维,5+,,,
幻影群岛,小吉祥天,5+,,,
幻影群岛,寒冬已至,5+,,,
幻影群岛,皆虚,5+,,,
幻影群岛,娜露卡娜,5+,,,
幻影群岛,南条桑,5+,,,
幻影群岛,艾蕾诺亚,5+,,,
幻影群岛,Vegar,5+,,,
幻影群岛,奶好我,5+,,,
幻影群岛,苍炎,5+,,,
幻影群岛,南酱乄琉璃,5+,,,
幻影群岛,Bokii,5+,,,
幻影群岛,绫小路唯,5+,,,
幻影群岛,実,5+,,,
幻影群岛,宫商徵羽,5+,,,
幻影群岛,楠舞神夜,5+,,,
幻影群岛,疾风皮皮露,5+,,,
幻影群岛,凯琳,5+,,,
幻影群岛,Joeha,5+,,,
幻影群岛,里喵里穗鹿,5+,,,
幻影群岛,失落的奧德賽,5+,,,
幻影群岛,泰絲塔羅莎,5+,,,
幻影群岛,符儿,5+,,,
幻影群岛,Lamcam,5+,,,
幻影群岛,猹狸狸,5+,,,
幻影群岛,莉娜惠美,5+,,,
幻影群岛,兰顿·萨斯顿,5+,,,
幻影群岛,Sagume,5+,,,
幻影群岛,若能忘掉渴望,5+,,,
幻影群岛,夜摩的黑剑,5+,,,
幻影群岛,Tifa,5,,,
幻影群岛,莉莉丝的愿望,5,,,
幻影群岛,蕾米莉亚,5,,,
幻影群岛,架空姬,5,,,
幻影群岛,Claire,5,,,
幻影群岛,Sth丶uu,5,,,
幻影群岛,Iblis,5,,,
幻影群岛,无尽丨丨永恒,5,,,
幻影群岛,夜莺,5,,,
幻影群岛,小恶魔布丁,5,,,
幻影群岛,塞西莉亚,5,,,
幻影群岛,铅笔,5,,,
幻影群岛,夏洛特,5,,,
幻影群岛,如果存在,5,,,
幻影群岛,Cc晓晓柒,5,,,
幻影群岛,云吞佑,5,,,
幻影群岛,夏之繁星,5,,,
幻影群岛,败北的少年,5,,,
幻影群岛,三十九,5,,,
幻影群岛,Celine,5,,,
幻影群岛,龙,5,,,
幻影群岛,箱子大人,5,,,
幻影群岛,蒂露,5,,,
幻影群岛,安笙笙,5,,,
幻影群岛,浮生乄若夢,5,,,
幻影群岛,零子,5,,,
幻影群岛,敏肥利亚,5,,,
幻影群岛,靜流澪,5,,,
幻影群岛,忆尘易醉,5,,,
幻影群岛,包子呆呆,5,,,
幻影群岛,神级小黄毛,5,,,
幻影群岛,鴫野贵澄,5,,,
幻影群岛,天涯水,5,,,
幻影群岛,我还没报警呢,5,,,
幻影群岛,淡雪无痕,5,,,
幻影群岛,橙灵光,5,,,
幻影群岛,噬伤,5,,,
幻影群岛,月影残偲,5,,,
幻影群岛,相羽千鸟,5,,,
幻影群岛,四之宮,5,,,
幻影群岛,幻之精靈,5,,,
幻影群岛,米团团,5,,,
幻影群岛,羽飘舒风,5,,,
幻影群岛,暮暮暮max,5,,,
幻影群岛,朱鹭子,5,,,
幻影群岛,诺克特路西斯,5,,,
幻影群岛,结弦音无,5,,,
幻影群岛,Edy,5,,,
幻影群岛,芙蕾多妮婭,5,,,
幻影群岛,绿川,5,,,
幻影群岛,八云红白,5,,,
幻影群岛,森雅,5,,,
幻影群岛,Ankh,5,,,
幻影群岛,傲娇叔,5,,,
幻影群岛,谜之存在,5,,,
幻影群岛,上帝佐手,5,,,
幻影群岛,爱吃鱼的猫,5,,,
幻影群岛,上帝小新,5,,,
幻影群岛,鶴見,5,,,
幻影群岛,亓亞,5,,,
幻影群岛,泡泡袖,5,,,
幻影群岛,风鸟花月,5,,,
幻影群岛,加贺月夜子,5,,,
幻影群岛,宇宙第一萌,5,,,
幻影群岛,徐老师的补刀,5,,,
幻影群岛,闪光的汉堡,5,,,
幻影群岛,殷坚,5,,,
幻影群岛,守护蕾娜,5,,,
幻影群岛,卿芷落,5,,,
幻影群岛,柒夜雪灬星冉,5,,,
幻影群岛,暗月星光,5,,,
幻影群岛,百物语,5,,,
幻影群岛,拉雅米,5,,,
幻影群岛,十一点的偶遇,5,,,
幻影群岛,画情丶,5,,,
幻影群岛,魅影风行,5,,,
幻影群岛,樱落皭,5,,,
幻影群岛,酱豆腐思密达,5,,,
幻影群岛,时间逼人放手,5,,,
幻影群岛,软萌的硬汉,5,,,
幻影群岛,小逗,5,,,
幻影群岛,闻人阡陌,5,,,
幻影群岛,俄匊斯,5,,,
幻影群岛,猫小仙,5,,,
幻影群岛,Dovah,5,,,
幻影群岛,行走在,5,,,
幻影群岛,Aimeur,5,,,
幻影群岛,时光丶忆少年,5,,,
幻影群岛,半神約爾克,5,,,
幻影群岛,伊尔,5,,,
幻影群岛,Relly,5,,,
幻影群岛,震电改二,5,,,
幻影群岛,雪橇犬,5,,,
幻影群岛,Panan,5,,,
幻影群岛,天命骑士,5,,,
幻影群岛,艾斯兰灬大地,5,,,
幻影群岛,天痕雪之华,5,,,
幻影群岛,冰上光,5,,,
幻影群岛,二傻,5,,,
幻影群岛,嘿咻,5,,,
幻影群岛,瓜瓜皮,5,,,
幻影群岛,木兮,5,,,
幻影群岛,Tenno,5,,,
幻影群岛,Siwen,5,,,
幻影群岛,弥亚,5,,,
幻影群岛,南萧,5,,,
幻影群岛,别乄寒,5,,,
幻影群岛,恩多萝西,5,,,
幻影群岛,软萝,5,,,
幻影群岛,Gete,5,,,
幻影群岛,Rubisc,5,,,
幻影群岛,铃鹿千鹤,5,,,
幻影群岛,干煸四季豆哟,5,,,
幻影群岛,迷路老不好丶,5,,,
幻影群岛,蓬萊山辉夜,5,,,
幻影群岛,莎拉维尔,5,,,
幻影群岛,鼠式坦克,5,,,
幻影群岛,梅莉,5,,,
幻影群岛,枫色冰雪节,5,,,
幻影群岛,渚丶月,5,,,
幻影群岛,萌萌哒·,5,,,
幻影群岛,圣枪丶小迦,5,,,
幻影群岛,时雨桜,5,,,
幻影群岛,莉西亚,5,,,
幻影群岛,会走路的短裤,5,,,
幻影群岛,辉煌将死,5,,,
幻影群岛,佐倉雙葉,5,,,
幻影群岛,落雪苍,5,,,
幻影群岛,長曾祢虎徹,5,,,
幻影群岛,啊阿酱酱,5,,,
幻影群岛,床上任我行,5,,,
幻影群岛,Noqing,5,,,
幻影群岛,吹口哨唱儿歌,5,,,
幻影群岛,随风飘落叶,5,,,
幻影群岛,Qfjl,5,,,
幻影群岛,雪椿,5,,,
幻影群岛,卡拉夏,5,,,
幻影群岛,Yukki,5,,,
幻影群岛,肥猫,5,,,
幻影群岛,法莉斯蒂,5,,,
幻影群岛,兔莉娅,5,,,
幻影群岛,花与黑钢,5,,,
幻影群岛,S·亚尔赛德,5,,,
幻影群岛,露娜liss,5,,,
幻影群岛,可可果果,5,,,
幻影群岛,城谷天海,5,,,
幻影群岛,吉爾迦美什,5,,,
幻影群岛,Neko',5,,,
幻影群岛,Q的猪肉丸,5,,,
幻影群岛,不存在的人丶,5,,,
幻影群岛,穿裤衩的小八,5,,,
幻影群岛,天下御免丶,5,,,
幻影群岛,宝宝来我身边,5,,,
幻影群岛,西木野苹果姬,5,,,
幻影群岛,纱布猫,5,,,
幻影群岛,若·缺,5,,,
幻影群岛,Trust哦,5,,,
幻影群岛,钻石裂痕,5,,,
幻影群岛,兮夕惜溪,5,,,
幻影群岛,谢莉亚·希伦,5,,,
幻影群岛,谢艾娜·希伦,5,,,
幻影群岛,纏繞腐蝕者,5,,,
幻影群岛,花似尘,5,,,
幻影群岛,璃摆摆,5,,,
幻影群岛,風見月葉,5,,,
幻影群岛,South球,5,,,
幻影群岛,艾尔维拉,5,,,
幻影群岛,紫御里,5,,,
幻影群岛,北云油咖喱,5,,,
幻影群岛,在下丶头很硬,5,,,
幻影群岛,賽妮,5,,,
幻影群岛,明月无心,5,,,
幻影群岛,暮丶色,5,,,
幻影群岛,呼呼biu,5,,,
幻影群岛,芷丶梦,5,,,
幻影群岛,诉夜,5,,,
幻影群岛,弗吉尔,5,,,
幻影群岛,盛夏de光年,5,,,
幻影群岛,未饮微醺,5,,,
幻影群岛,Elaia,5,,,
幻影群岛,少侠不哭,5,,,
幻影群岛,沉海之冰,5,,,
幻影群岛,Dotapl,5,,,
幻影群岛,Sudabe,5,,,
幻影群岛,黄泉挽歌,5,,,
幻影群岛,微笑的泰麗莎,5,,,
幻影群岛,Fran丶,5,,,
幻影群岛,穀羽,5,,,
幻影群岛,吉田礼,5,,,
幻影群岛,Cyno,5,,,
幻影群岛,Omeges,5,,,
幻影群岛,Shui茧茧,5,,,
幻影群岛,Works,5,,,
幻影群岛,鸦寐,5,,,
幻影群岛,羽斗千恋,5,,,
幻影群岛,猫猫碰,5,,,
幻影群岛,千纸鹤,5,,,
幻影群岛,理世二百五,5,,,
幻影群岛,弥路,5,,,
幻影群岛,Ksnjol,5,,,
幻影群岛,拉格提斯,5,,,
幻影群岛,繑荈观铃,5,,,
幻影群岛,古连柯尔,5,,,
幻影群岛,鎏夜,5,,,
幻影群岛,花小兎,5,,,
幻影群岛,网瘾少年丶,5,,,
幻影群岛,名字短难暴露,5,,,
幻影群岛,奶冻小仓鼠,5,,,
幻影群岛,超级伊呜子,5,,,
幻影群岛,吉吉良良吉影,5,,,
幻影群岛,鹤谷,5,,,
幻影群岛,光的声优,5,,,
幻影群岛,余生双双,5,,,
幻影群岛,無聊灬追风筝,5,,,
幻影群岛,水果猫,5,,,
幻影群岛,荔茸炖布丁,4,,,
幻影群岛,伊芙拉,4,,,
幻影群岛,娜娜戴比路克,4,,,
幻影群岛,兔遁之主,4,,,
幻影群岛,波里斯,3,,,
幻影群岛,暴走小漩涡丶,3,,,
幻影群岛,Kaien,3,,,
幻影群岛,巡音丶流歌,3,,,
幻影群岛,圙丶狮虎,3,,,
幻影群岛,伽鲁卡萨,3,,,
幻影群岛,糊糊络,3,,,
幻影群岛,博康舒,3,,,
幻影群岛,平胸大奶妈,3,,,
幻影群岛,法那利斯,2,,,
幻影群岛,阿尔黛西亚,2,,,
幻影群岛,歌姬计划,2,,,
幻影群岛,卡尔卡雅,2,,,
幻影群岛,棱点,2,,,
幻影群岛,梶裕贵,2,,,
幻影群岛,红尘挽歌,2,,,
幻影群岛,眉带凶兆,2,,,
幻影群岛,楠条萌萌哒,2,,,
幻影群岛,咕咕咕,2,,,
幻影群岛,日锅锅,2,,,
幻影群岛,春咲未雨,2,,,
幻影群岛,Eonyx,2,,,
幻影群岛,愚·者,2,,,
幻影群岛,Ksr,2,,,
幻影群岛,幻灵晶体,2,,,
幻影群岛,初君,1,,,
幻影群岛,吸红氏,1,,,
幻影群岛,说好的大腿呢,1,,,
幻影群岛,银河君,1,,,
幻影群岛,命运彷徨之夜,1,,,
幻影群岛,兵长一米六,1,,,
幻影群岛,Cameia,1,,,
幻影群岛,噜,1,,,
幻影群岛,Aaroon,1,,,
幻影群岛,四楓院夜一,1,,,
幻影群岛,豆丁魔女,1,,,
幻影群岛,悠远的苍穹,1,,,
幻影群岛,追忆丶,1,,,
幻影群岛,小z,1,,,
幻影群岛,喵呜饭,1,,,
幻影群岛,Cleary,1,,,
幻影群岛,已加入kfc,1,,,
幻影群岛,丷柚子茶,1,,,
幻影群岛,氷鎻,1,,,
幻影群岛,零分,1,,,
幻影群岛,娜贝拉尔·伽,1,,,
幻影群岛,Xam,1,,,
幻影群岛,小萌太,1,,,
幻影群岛,茄散排瓜莫,1,,,
幻影群岛,迪斯路亞,1,,,
幻影群岛,七月姬,1,,,
幻影群岛,明明是我先的,1,,,
幻影群岛,西木野听雨,1,,,
幻影群岛,氷流,1,,,
幻影群岛,诸君我控萝莉,1,,,
幻影群岛,Clamas,1,,,
幻影群岛,我好像很好吃,1,,,
幻影群岛,大jikiu,1,,,
